Id,conversion
0,0.42147659457196235
1,0.9198102918922533
2,0.09859716602157514
3,0.12723476725470725
4,0.008865672704787716
5,0.030744728712300308
6,0.205175061824548
7,0.043438876953172174
8,0.24605267829767447
9,0.015173156158411449
10,0.2292048636611612
11,0.3341654956218199
12,0.6200954442305145
13,0.4259757701130307
14,0.09128510709578536
15,0.2331617139817427
16,0.8323622680101518
17,0.12146130033825248
18,0.16016674300685205
19,0.44682363940036346
20,0.007890676385373134
21,0.12544339991484255
22,0.458989630017357
23,0.3377212123895798
24,0.8606063334489898
25,0.87846648726922
26,0.5981233461158544
27,0.13238780516230955
28,0.2850994441387919
29,0.40328078445991444
30,0.6070541648244893
31,0.6238513469141432
32,0.7146947096690734
33,0.30804197563675295
34,0.9452094704417536
35,0.7746309026735061
36,0.9930496117249944
37,0.8551360426480358
38,0.020302910695981925
39,0.011481467752348396
40,0.878045413582459
41,0.24996675440574556
42,0.8446175614718344
43,0.8573952047159812
44,0.2973239883337836
45,0.8062590746652606
46,0.06889297549629009
47,0.07555860971706056
48,0.2639479321218996
49,0.791617359403963
50,0.14319986111032404
51,0.5528609894739793
52,0.12746544368554888
53,0.1553740129395573
54,0.03781167601013232
55,0.5573667918222128
56,0.8183833703768566
57,0.012603703121524016
58,0.08520022219274866
59,0.8165345987408363
60,0.5283703678348216
61,0.07121105941296392
62,0.8115579828286416
63,0.8410557114625065
64,0.1130802196050173
65,0.1804323029784988
66,0.028629361830393645
67,0.16736668223794793
68,0.3202812676374058
69,0.578540690498861
70,0.02976957016241663
71,0.1624122137734479
72,0.2141504297618698
73,0.3353163156083347
74,0.9118270423550373
75,0.8892987796791704
76,0.06906623371446878
77,0.03339526497101581
78,0.8360666715275699
79,0.34792507121761
80,0.04696523942430729
81,0.7957288345865184
82,0.02701247824249962
83,0.23574219343597258
84,0.1354638472697226
85,0.4152006398589853
86,0.40986545404257607
87,0.7624524902089109
88,0.8989460306728209
89,0.012703667815508838
90,0.7183714428120866
91,0.8581471444154091
92,0.13698544770349352
93,0.40215896263926354
94,0.6201499697358929
95,0.08224559601968037
96,0.46405183728227806
97,0.7336399976493314
98,0.2558900603602361
99,0.16155982120655588
100,0.6946345865979977
101,0.8582507346148187
102,0.5395315514872482
103,0.8419514902458939
104,0.5424955154277752
105,0.3449757712924808
106,0.15909670545536933
107,0.03550654129890532
108,0.024750524910678248
109,0.5571116735374361
110,0.34700003068343527
111,0.7732282435656969
112,0.20186150941801753
113,0.07592221674805114
114,0.7348811742390241
115,0.6631125589542969
116,0.013273643978440516
117,0.4290506939787209
118,0.56903959032215
119,0.862741834443932
120,0.6453241908513406
121,0.4702177970458979
122,0.5697686550094865
123,0.9368137345255501
124,0.5888403689578234
125,0.14736293595601996
126,0.014647455380474088
127,0.7128322009915639
128,0.2137925520315669
129,0.5860429770525248
130,0.3612299127542228
131,0.9115935892323335
132,0.792238822852935
133,0.0788502509132412
134,0.6551103235545134
135,0.17053006692017963
136,0.047114337485342335
137,0.26187700417425797
138,0.4269136147040937
139,0.011791010040620461
140,0.8633154360398929
141,0.3858788694522344
142,0.48196359885403056
143,0.2105929489014834
144,0.2135464968689862
145,0.5651437950252194
146,0.6695034494876426
147,0.2645951615385549
148,0.24539381798676335
149,0.8901096845613687
150,0.23452334721107126
151,0.164707928281841
152,0.454199220237434
153,0.05779350948691523
154,0.361673498901527
155,0.904216418037771
156,0.04895284588006466
157,0.05193343020806024
158,0.8039903073360029
159,0.3746165925444976
160,0.009848436092884874
161,0.6684625145342646
162,0.9750042582953222
163,0.03089781366850638
164,0.1210013945889189
165,0.03578775526006779
166,0.7040399622407467
167,0.9422022937340189
168,0.9013855347771643
169,0.09090608868039765
170,0.9761100586642403
171,0.765128756790621
172,0.19490269840256336
173,0.6714478125410962
174,0.5629773375854633
175,0.14701406779903808
176,0.030789788520963608
177,0.1533089681995355
178,0.051520616554806296
179,0.8032150296110457
180,0.5839103767768934
181,0.708587450681521
182,0.1589140573663764
183,0.015234497388700247
184,0.9539631586879782
185,0.3122763762971039
186,0.2860780111435914
187,0.2584749385668059
188,0.7372509458843071
189,0.24067554423948265
190,0.3668801838226874
191,0.5548567477371927
192,0.009092568457237112
193,0.04607170066712294
194,0.42584616980728535
195,0.5014647957002749
196,0.6433985741675698
197,0.7870578050342953
198,0.6055374567035584
199,0.769712409610308
200,0.9247640529944114
201,0.6498053520404056
202,0.7950792124994719
203,0.7172555300846092
204,0.8741204858411702
205,0.3456693353950239
206,0.872297310065801
207,0.8387000554620344
208,0.23277352086905903
209,0.6511265037384093
210,0.9583611078026122
211,0.42859071399860055
212,0.49122832551290874
213,0.12813664875963832
214,0.5552543398793002
215,0.036353581414406845
216,0.695078986938198
217,0.5807905703603764
218,0.8824362306212924
219,0.17937442885743005
220,0.5507464707518018
221,0.048945725438330465
222,0.17744784871881353
223,0.36721649710365356
224,0.025425751091800154
225,0.07982435121595667
226,0.39875824017088124
227,0.6162123550857459
228,0.18571830968863917
229,0.6708438977477923
230,0.012127200821396428
231,0.009188810288333453
232,0.7583288097036547
233,0.1354385023051565
234,0.13792977918509564
235,0.26851711909091164
236,0.1385828955606545
237,0.7124039668054762
238,0.008508448144022913
239,0.13528329055950275
240,0.6632919946287373
241,0.607556087637832
242,0.220174118830886
243,0.27084592620213666
244,0.7197192002861801
245,0.06345950431282378
246,0.7878427097398384
247,0.04862413711457315
248,0.4677908742014914
249,0.15976888238632878
250,0.011758575981279112
251,0.27326285288294305
252,0.8819032657865853
253,0.6505724926961648
254,0.5184538067972888
255,0.21905401982587352
256,0.8555527832225649
257,0.8580144974041892
258,0.21401163126898257
259,0.8587026343594466
260,0.09313222183718488
261,0.10909511777172215
262,0.21167755388018672
263,0.4864085091462606
264,0.24562160314680506
265,0.09864545164304704
266,0.3017963073484732
267,0.6680772976330238
268,0.8908854336654969
269,0.798204521930821
270,0.8279571558726821
271,0.76640147868513
272,0.7801487892624291
273,0.7223013255636023
274,0.9258985969263477
275,0.47544687215405335
276,0.030822463593277998
277,0.01055232068538343
278,0.2944875739395534
279,0.45014160916337553
280,0.614168239960989
281,0.07523730994141285
282,0.09239685345516147
283,0.9549166045332509
284,0.4204492304285311
285,0.31884489920861725
286,0.7854633509025203
287,0.9590489052433225
288,0.03207195458650776
289,0.007604564431587803
290,0.4342056873693452
291,0.030821350851496877
292,0.6777609437760832
293,0.505699292433106
294,0.050347992620045516
295,0.7016776498455549
296,0.48257541074760013
297,0.4701761340777994
298,0.6673369570153825
299,0.8000479587297051
300,0.1207655501352309
301,0.7922209372329531
302,0.5949975880717456
303,0.9163091745431949
304,0.1434183264131126
305,0.7132766718642298
306,0.8899750468660602
307,0.6068471780892615
308,0.0481787152031854
309,0.03999515943351663
310,0.14311579567289562
311,0.3280272898150336
312,0.02964952405155123
313,0.6337874776567639
314,0.01357190780949095
315,0.15216515581693232
316,0.03812206547155006
317,0.3697746893242909
318,0.8342013533903498
319,0.6179818574538595
320,0.06744960640335042
321,0.422810196479362
322,0.269206590344956
323,0.01146125843923938
324,0.7434423661798376
325,0.2590699101123108
326,0.41145056689753334
327,0.3131016262561903
328,0.8321480086739337
329,0.9074250223298586
330,0.7200264217335904
331,0.5928603458634645
332,0.5636119041508455
333,0.8343349642876974
334,0.5306925089490765
335,0.9075229885590508
336,0.2728259743493053
337,0.4521802460862335
338,0.22847536382665012
339,0.5816872710338086
340,0.6721737617678092
341,0.0114245036787767
342,0.7886498141689005
343,0.6564806879663286
344,0.395257391656156
345,0.012197353075919591
346,0.34942614941995087
347,0.7815978789602737
348,0.27819223253201947
349,0.04483829744955706
350,0.1483492833289187
351,0.08271714143149804
352,0.19937907020292697
353,0.11317974661962427
354,0.07852790318387777
355,0.4342090622917651
356,0.008577846603620489
357,0.7100841907056785
358,0.11797332065129781
359,0.9194299734625341
360,0.7300732516487066
361,0.8804283448430456
362,0.13608815795783735
363,0.43242183507577964
364,0.4487430764030668
365,0.8641816384457741
366,0.7333000595431954
367,0.028503308713309382
368,0.810166287412177
369,0.20015115871409284
370,0.5560890168315186
371,0.708474529553677
372,0.26966445492518915
373,0.15670337672927853
374,0.7050101892196308
375,0.14746431565200238
376,0.30465277499253923
377,0.8474503967747096
378,0.23315354406735164
379,0.13217084393781095
380,0.956663335261352
381,0.5454480914990957
382,0.2940223022604765
383,0.025249376419037767
384,0.44966610903944804
385,0.917760194296766
386,0.1692292571491616
387,0.2041416649828123
388,0.7067847117416765
389,0.7418092825438362
390,0.6029367431880963
391,0.12805349151826873
392,0.07259424501432345
393,0.9500741465089468
394,0.7286209023173242
395,0.193046732546849
396,0.25472414762570267
397,0.19133889282881472
398,0.7544722187089709
399,0.08574438979320066
400,0.19788839629928512
401,0.2431953954257827
402,0.24096356226857985
403,0.12215761413082614
404,0.708545897223233
405,0.20239156668616612
406,0.8354804575848354
407,0.6991256909806458
408,0.6041339151073878
409,0.10488113714741083
410,0.0989231498471381
411,0.3662418661213888
412,0.08662126912497553
413,0.15264655876548003
414,0.4646022626880331
415,0.7495643890095313
416,0.8600476486583689
417,0.7307648703595597
418,0.6548048163844362
419,0.012096698873808293
420,0.03658179747156591
421,0.7078294576609713
422,0.6872422611596879
423,0.5326880928994854
424,0.010495070969233113
425,0.00984157710548397
426,0.3186695546296691
427,0.08651724799581413
428,0.4633700935662657
429,0.7589592983763407
430,0.6839637438137949
431,0.5766521133067178
432,0.8196802018499172
433,0.03970711291867024
434,0.416899856892726
435,0.6312344897800568
436,0.9267659542107718
437,0.08013168412552972
438,0.3007710352529594
439,0.3964982046645771
440,0.052318367962860865
441,0.3902789294820476
442,0.11101665621444391
443,0.9516009095235028
444,0.028009054666533383
445,0.282288587282289
446,0.07737898487049097
447,0.06569672311329135
448,0.11461183048113263
449,0.052635747900620374
450,0.6696634547305551
451,0.26207519116681866
452,0.9271935994147037
453,0.7144151098837516
454,0.10021652933720566
455,0.7340431078420095
456,0.7175843485806357
457,0.5004018198892715
458,0.5078683040356459
459,0.6332357359120058
460,0.37927279066314956
461,0.7578538893946317
462,0.2632337854344279
463,0.1965961304776017
464,0.4729042739852958
465,0.8306108253119098
466,0.11685890758683348
467,0.1306830401140144
468,0.014744645752152123
469,0.40608464960015594
470,0.907688750678717
471,0.028754947012598973
472,0.6625077375794438
473,0.6904016940379927
474,0.7428166294241432
475,0.3007711281099583
476,0.805687546928502
477,0.15216402960551242
478,0.01649983139630988
479,0.25964289883051084
480,0.20685341783117736
481,0.49295671022257165
482,0.17657286157428195
483,0.04040121701449184
484,0.5901878445260097
485,0.04726898469465685
486,0.9681907900793246
487,0.8617261999319423
488,0.6992146325731811
489,0.6918046396378984
490,0.10945298057341685
491,0.6044045343455537
492,0.9379348088745939
493,0.08437159806842617
494,0.3079974240139568
495,0.05605082911796477
496,0.08636490524972162
497,0.3099670906078956
498,0.04328538349812063
499,0.8876034229980748
500,0.5941726501355706
501,0.831386048368453
502,0.6248612876444093
503,0.7149233099242406
504,0.7083966139855503
505,0.02624495451512244
506,0.6103076163885528
507,0.6713799544742609
508,0.7826995112440521
509,0.95061772393366
510,0.2485791858318023
511,0.054877614081267394
512,0.5954019741831749
513,0.3367940530251392
514,0.565342127597051
515,0.8882036161872359
516,0.024247476439008993
517,0.24914641666092482
518,0.41931493610747306
519,0.5843386587995725
520,0.33340572834564103
521,0.017236385535598364
522,0.8578114120359462
523,0.4906111182002073
524,0.00975693234198866
525,0.6206879171888252
526,0.0547973222281855
527,0.06901164411436739
528,0.0363584328711533
529,0.4959052521198287
530,0.48976102222453904
531,0.8250589554029838
532,0.8825736845154647
533,0.025683502264092835
534,0.32497506551506194
535,0.062001874306152595
536,0.7332024269499062
537,0.0549509155714973
538,0.6104761567352796
539,0.8495045488010636
540,0.6529726755778008
541,0.9040214748071893
542,0.3708277596972582
543,0.2903078281250916
544,0.7705642541747452
545,0.8909225876007614
546,0.0439851203683449
547,0.7676530425290649
548,0.23947165656322533
549,0.09881211771341472
550,0.28454248647812386
551,0.5438289826221406
552,0.4495989468018032
553,0.8716713099988875
554,0.8040578949535429
555,0.7080557811914461
556,0.7827041086900609
557,0.7962752727856116
558,0.12826628557599828
559,0.024807543757574095
560,0.8071105579148241
561,0.6066980541637816
562,0.7858673182938353
563,0.6239647222701041
564,0.34203467617162464
565,0.048663779516069386
566,0.48181069737741633
567,0.709979265936227
568,0.2883808624545768
569,0.5047727277364916
570,0.20740839702653446
571,0.27385199215817996
572,0.7020365878876255
573,0.4570541062695495
574,0.7004551099338855
575,0.9543342023943585
576,0.5692326877754907
577,0.6001868999527796
578,0.20536707394617187
579,0.12081818518747417
580,0.10217885650032695
581,0.3477605406856273
582,0.42781262851428975
583,0.9750434198000958
584,0.6417743129961492
585,0.008081546642084995
586,0.8207137572769581
587,0.13040426539525948
588,0.6146158445536622
589,0.2872752313150379
590,0.7516968263057262
591,0.891137655244352
592,0.01507567933029129
593,0.3248059169587478
594,0.02308772828355736
595,0.539069601085479
596,0.6039828630640581
597,0.6703153369037893
598,0.8293077289951626
599,0.8792529678144506
600,0.015503831326273124
601,0.18007497999261957
602,0.22679638337055916
603,0.44316589422645847
604,0.6150362473953318
605,0.06579532413279096
606,0.12786355860498894
607,0.7373199740357451
608,0.8215488019313677
609,0.4715078723796957
610,0.9519521316487897
611,0.9712645709901876
612,0.8368855243191095
613,0.8835782351284811
614,0.3115822765922599
615,0.9699286160150692
616,0.1338418653485567
617,0.4425431100353787
618,0.6860122351522583
619,0.7408805904840003
620,0.27648170356320884
621,0.6575213952338465
622,0.0375691199394849
623,0.0799578339422612
624,0.2516251573294704
625,0.051286233411820134
626,0.22211844400079897
627,0.788598600763061
628,0.2773765092486933
629,0.7471553809692928
630,0.572980448548382
631,0.3900004825397569
632,0.018419798014136853
633,0.5393862523118327
634,0.7264003054643774
635,0.7137534187523495
636,0.5920228874444453
637,0.0073741607047016055
638,0.21080639066027315
639,0.2945566689437336
640,0.3567998851588667
641,0.8321039426588316
642,0.04460916595855755
643,0.01802793535766232
644,0.6423291764985529
645,0.7543156969705087
646,0.6511138116475544
647,0.4749880146223473
648,0.8001227555500209
649,0.21934984745105315
650,0.031390890844381826
651,0.7701761969686859
652,0.08233003404873272
653,0.016186980853720265
654,0.5002442974556859
655,0.44874500923824245
656,0.7919154233498547
657,0.8211564938382339
658,0.09504088947752498
659,0.6947816992381634
660,0.23416370008085788
661,0.5336476150077091
662,0.6711996763966032
663,0.7046279634824301
664,0.16126312696828043
665,0.138509230545378
666,0.41012859697316184
667,0.864484518465785
668,0.11578401365602413
669,0.07581881817101561
670,0.48358478218928963
671,0.7899716781373944
672,0.7114032725303655
673,0.16172070247431825
674,0.2061036022766209
675,0.3789164117354682
676,0.7590296678861244
677,0.31368943766209256
678,0.9624867915207582
679,0.7813607344546758
680,0.7952071603381919
681,0.11539121646025893
682,0.8012028639094078
683,0.9050583429968873
684,0.051002462757034836
685,0.06625385599951311
686,0.45992148895937746
687,0.2629992850985681
688,0.4713979346043158
689,0.806048502791688
690,0.018893458480521826
691,0.12169332926645496
692,0.44613634315177075
693,0.4126864098215439
694,0.9112645784830139
695,0.8097992026232301
696,0.8446696529759888
697,0.6417217727562486
698,0.8051969556076486
699,0.024295796093416016
700,0.4751365162351418
701,0.7440911336343502
702,0.9204140284951658
703,0.19545633440530027
704,0.00987218852860075
705,0.03338796262451361
706,0.31780982504737637
707,0.369184749948037
708,0.5706936357094835
709,0.3554411480530232
710,0.02224227031545256
711,0.822595917162584
712,0.9524074965609982
713,0.6114698735495865
714,0.26154749481986767
715,0.3505527585958182
716,0.2064149988112099
717,0.06760693399515427
718,0.06120630869924331
719,0.2409064041624678
720,0.13089999559950896
721,0.8713841231598876
722,0.7355194300906264
723,0.2719997590782681
724,0.1303980886441369
725,0.3588277900005814
726,0.4774257506248636
727,0.6975758543591987
728,0.1736744839496742
729,0.36152858311635216
730,0.44174827738750005
731,0.7202779743884281
732,0.10004365442580355
733,0.172856443352769
734,0.5810318276647366
735,0.1941632045615348
736,0.7916905820851979
737,0.7423727911658242
738,0.7111936686554362
739,0.8757966464318802
740,0.0303394309229934
741,0.7187853320207095
742,0.18149889153243537
743,0.7348066715122358
744,0.8482323813340601
745,0.009685830435885206
746,0.17363090045115712
747,0.08860681674582083
748,0.35188101286967616
749,0.6642986703047474
750,0.793904172610678
751,0.059650263623178774
752,0.025154337484043648
753,0.8181765471610951
754,0.010496246450155589
755,0.13402189159647937
756,0.2758499128328279
757,0.013450780300589143
758,0.6891024026125147
759,0.05744754964925851
760,0.754824938397476
761,0.0551967543857714
762,0.7642405567820297
763,0.01550185892627742
764,0.3312493994821126
765,0.08614814283388658
766,0.04549694994753095
767,0.43256519835251855
768,0.14048549731984525
769,0.8042099974740335
770,0.482662482724175
771,0.7516781837561499
772,0.7932322476527133
773,0.021706587095301905
774,0.5047841331862201
775,0.3924999926650503
776,0.9602678330214621
777,0.7148352209198278
778,0.8010114973987691
779,0.09447847670425501
780,0.12107326422928183
781,0.8378511588051939
782,0.9093766851409726
783,0.750830826290828
784,0.9701037945917264
785,0.10118578745962309
786,0.509325129296112
787,0.884253148853881
788,0.5812157981088049
789,0.7918517188543521
790,0.029412398101639002
791,0.044429733572701885
792,0.7822368466056637
793,0.32307810908420925
794,0.4133511087283438
795,0.7128594124363258
796,0.13727497616018916
797,0.22364775999539635
798,0.48934605166129463
799,0.8099444118455648
800,0.010489568447609612
801,0.02784214169659332
802,0.307187741221538
803,0.17820971621207676
804,0.39974681602981593
805,0.1107829445610232
806,0.10129929582621226
807,0.07012027874167244
808,0.8449547617846823
809,0.42302863740342916
810,0.07157823208039268
811,0.009386971692604133
812,0.464331054919875
813,0.1031008225942723
814,0.18100572016042743
815,0.12734708976984008
816,0.7516952624747794
817,0.6561689508589533
818,0.6945958721544631
819,0.4336921467557154
820,0.04319124468252972
821,0.012526825057724273
822,0.03435108374824891
823,0.6177373022555444
824,0.6721510011836762
825,0.7564914043735289
826,0.19004056519138082
827,0.00954434289721384
828,0.39192323203065227
829,0.8103547421124004
830,0.23993312578603326
831,0.5046119011672943
832,0.6186180113073262
833,0.328100441700775
834,0.39773567975648444
835,0.34987135662266156
836,0.9421152511225948
837,0.2482597717257161
838,0.780051059012441
839,0.07398362385559179
840,0.048486414266437045
841,0.5476951763997568
842,0.12076080646939581
843,0.4102061493885081
844,0.8255629671680258
845,0.8138983164826294
846,0.3902191340700406
847,0.11680600996251818
848,0.6644045636085077
849,0.8834246729342932
850,0.5040547448012375
851,0.659304663815307
852,0.3934577631568052
853,0.8688352767137049
854,0.9826870587345474
855,0.03144273983592392
856,0.27519439965655623
857,0.7958851492212805
858,0.4319785932907468
859,0.07227877269512509
860,0.5270412918460288
861,0.3755225751756144
862,0.05596947371848026
863,0.20001093168126877
864,0.8241362613536198
865,0.4840984638814208
866,0.8449392973339989
867,0.5307310455530712
868,0.5318551873611767
869,0.36858429179868796
870,0.7324434151982547
871,0.6902821247062881
872,0.42489420894407187
873,0.630940235398877
874,0.1694592785899975
875,0.34419734604235097
876,0.8677741356142246
877,0.24689561008960903
878,0.7933289106842453
879,0.2838703127820447
880,0.7557106684920168
881,0.5323747338770582
882,0.05305326386835829
883,0.0389967416183354
884,0.6472248318171473
885,0.19622753202107154
886,0.5813853519454615
887,0.19826274821852294
888,0.6095745086919345
889,0.7743164589179194
890,0.49043290100853093
891,0.7840870739266937
892,0.7139557815553628
893,0.7751464950407224
894,0.03689602442937809
895,0.20578354670617713
896,0.8484015169191952
897,0.67104677608352
898,0.496766832512996
899,0.31000002867086796
900,0.7289427720850541
901,0.07166157059645724
902,0.5458210543898906
903,0.44974625178388794
904,0.2349552499678093
905,0.6434443903094413
906,0.8523184193523784
907,0.9197903348808167
908,0.27113327422222366
909,0.8704046861635547
910,0.22977477640678365
911,0.9732790946222796
912,0.7529877638974766
913,0.0948187808558883
914,0.2627002687344477
915,0.2354701365558003
916,0.7270722382880168
917,0.6003269208314299
918,0.12373344254414231
919,0.17556426313052623
920,0.21127898239994236
921,0.824616838407252
922,0.09228396019626381
923,0.3368065925337644
924,0.012800651437748597
925,0.7870915731840913
926,0.8300749520952493
927,0.28710474769185257
928,0.42170811669614006
929,0.010177213391510221
930,0.07789409570684518
931,0.5042665322801048
932,0.13425726009866992
933,0.14430648070821592
934,0.9446553957465685
935,0.15667116015584587
936,0.6590614317410685
937,0.9393137482039562
938,0.4624310937828359
939,0.1979965732004552
940,0.8219904564291293
941,0.66069194261629
942,0.27483843445004696
943,0.010378926335405015
944,0.7261725105996745
945,0.6903322965677849
946,0.41320318133459943
947,0.09421887380574796
948,0.44716474475672546
949,0.06402498104891831
950,0.7741680903063394
951,0.7394982319817559
952,0.728684983604077
953,0.8954074712110786
954,0.0254002214302997
955,0.7839263511173314
956,0.6719047931807605
957,0.9052803255175967
958,0.07270990326705878
959,0.8154644986210581
960,0.8213421223181024
961,0.2420124610141772
962,0.007109304256040668
963,0.05650428695718198
964,0.2620616860731363
965,0.01997577986603205
966,0.8597192514446338
967,0.7632475937636775
968,0.9235560198104358
969,0.07107158665565982
970,0.06428758700478689
971,0.16746548511818743
972,0.13122758584494393
973,0.9062711429443726
974,0.4577632222992667
975,0.12511833338024828
976,0.7444551134120794
977,0.36539846552260785
978,0.8490830063520434
979,0.4105249898063274
980,0.5061141606435994
981,0.19482806477750492
982,0.26025086504929296
983,0.8022639140155745
984,0.4840239739257527
985,0.15143392558240312
986,0.16791786313633195
987,0.9546656204335853
988,0.5986225122196956
989,0.3613334123656624
990,0.6793584179689861
991,0.5790478478706524
992,0.02463236050197421
993,0.54600254444229
994,0.8222084997636212
995,0.1775634426937823
996,0.8233141637311
997,0.7364700136495986
998,0.8946473378486964
999,0.44275007353112833
1000,0.650666520824796
1001,0.012912079885552681
1002,0.7328759334335972
1003,0.5312930595017601
1004,0.8031761175702888
1005,0.6523747235870566
1006,0.9222439944388183
1007,0.8054562102714173
1008,0.05253612440436483
1009,0.648503625377458
1010,0.6766388985859931
1011,0.7646049930600378
1012,0.5636094174551617
1013,0.2818041148283691
1014,0.3777504821548688
1015,0.030018939433638057
1016,0.8199753983545995
1017,0.21129693268807795
1018,0.8795348677098908
1019,0.362894063685178
1020,0.8304054501100413
1021,0.44166613726223314
1022,0.44568388767286127
1023,0.08446117063414312
1024,0.05880651442920538
1025,0.8599803769062249
1026,0.22780796394861733
1027,0.05802396725765278
1028,0.7434751680429466
1029,0.02631543846755228
1030,0.8656592967137351
1031,0.022310177013894403
1032,0.22406945429470154
1033,0.3757958705244162
1034,0.525021763863884
1035,0.9164241674149534
1036,0.29583838653746075
1037,0.05224195978722303
1038,0.28050686918851353
1039,0.5165959362052724
1040,0.6063279388153849
1041,0.6956380266422073
1042,0.5978336540055355
1043,0.032494515731201136
1044,0.6406524407155979
1045,0.014279378256371987
1046,0.8908750578661764
1047,0.7842983481176689
1048,0.7471755592004675
1049,0.9229272369828675
1050,0.8317290958362288
1051,0.5468037216911699
1052,0.2636206774258135
1053,0.3524515836066879
1054,0.09540176126433371
1055,0.7589560162023418
1056,0.4421708085183985
1057,0.047798284387088864
1058,0.007827715669788664
1059,0.01779106903797517
1060,0.41073640186951904
1061,0.34689971151549887
1062,0.14181513358380696
1063,0.8387713289888895
1064,0.08903499059649407
1065,0.10264844564266051
1066,0.7825053288479248
1067,0.34132236468343546
1068,0.1438627092435798
1069,0.5029360320011
1070,0.7459415623051268
1071,0.28157135039490294
1072,0.4746673048720406
1073,0.7161428689734691
1074,0.35410562644174254
1075,0.6507883000333667
1076,0.657738842943674
1077,0.24587263414170257
1078,0.7972087403649603
1079,0.11440817510337835
1080,0.71985990921433
1081,0.7703206138542719
1082,0.8818615611107851
1083,0.19613171210142025
1084,0.4872141987103658
1085,0.4461391589762319
1086,0.34675759803687
1087,0.458302749981307
1088,0.011140636938126398
1089,0.048182247494369716
1090,0.007846730733876919
1091,0.8895916534431271
1092,0.02803115287605587
1093,0.8690379900007593
1094,0.5524021341292807
1095,0.8307054305822859
1096,0.059070312579691815
1097,0.06718474240447049
1098,0.6563657088035169
1099,0.30775987800459015
1100,0.850916836387771
1101,0.6241378630437298
1102,0.6663443661498611
1103,0.44357500762123986
1104,0.8582029490642734
1105,0.03798607278471723
1106,0.39615887892468227
1107,0.03974540876580917
1108,0.033674685977677914
1109,0.8092823199727495
1110,0.4697637718006846
1111,0.645308123815073
1112,0.16669497683483123
1113,0.4383050186611231
1114,0.6571689862282118
1115,0.7189461679638235
1116,0.53739156382168
1117,0.41111073954364996
1118,0.24066807767857754
1119,0.8367356730853833
1120,0.12212151003731349
1121,0.8197686763481188
1122,0.3701223782363121
1123,0.03526114857315545
1124,0.5637737036008624
1125,0.9082720110956689
1126,0.2815607625899077
1127,0.6635502523268717
1128,0.2838086474523478
1129,0.027928035229612944
1130,0.13734207180811775
1131,0.10944755041960239
1132,0.7797427619921744
1133,0.011376476781423759
1134,0.5844677330786963
1135,0.13583016231679387
1136,0.5904383692487049
1137,0.8332271800958845
1138,0.4843706990699474
1139,0.17171096885927375
1140,0.8433769328826014
1141,0.05578665117063826
1142,0.8721708735706047
1143,0.9136313322904961
1144,0.250938227821006
1145,0.7862624990995044
1146,0.4040133599519425
1147,0.24820212262616437
1148,0.04979333364464612
1149,0.13495000723808434
1150,0.13496420215332533
1151,0.23567571761683392
1152,0.660521531517193
1153,0.6372665313009784
1154,0.41193935433571865
1155,0.10227467291494313
1156,0.2994355106887568
1157,0.39799114249687856
1158,0.6802847584487269
1159,0.1295011974915228
1160,0.5807969701408808
1161,0.46026571610086325
1162,0.4232471085257473
1163,0.49679440948315595
1164,0.356115962839715
1165,0.8852352921586712
1166,0.3927856027582192
1167,0.3337435283046027
1168,0.25884720357184243
1169,0.07457249336438349
1170,0.5375498761953157
1171,0.9324421655375823
1172,0.011522015400074552
1173,0.3627751796601873
1174,0.4074245332520407
1175,0.07886205871086903
1176,0.5105930431266062
1177,0.5225033934974833
1178,0.985802438176623
1179,0.08733474367368894
1180,0.41641631914038896
1181,0.6409040787855458
1182,0.7773782781723413
1183,0.34527399569021755
1184,0.1488329756800225
1185,0.27711288173550247
1186,0.8009264754475405
1187,0.009847781810686549
1188,0.7260356927484397
1189,0.010390972947682913
1190,0.7019449844926563
1191,0.6058415103632294
1192,0.7500823912325195
1193,0.7553474086046075
1194,0.16579180258713466
1195,0.8085788384777775
1196,0.7040376217163071
1197,0.5862274467370223
1198,0.025432105344655523
1199,0.11880542529342754
1200,0.942056512463813
1201,0.7737319893213749
1202,0.7251601139553185
1203,0.8563977499774583
1204,0.5576385876295165
1205,0.6945948315973768
1206,0.11578853260032597
1207,0.03402673277079053
1208,0.49383616300534006
1209,0.3416789570300368
1210,0.966166412926411
1211,0.5582543224270066
1212,0.6186447466953
1213,0.01132485505461806
1214,0.012743717962995253
1215,0.36422392221245653
1216,0.17004948968305364
1217,0.18765883084309132
1218,0.5590214717091787
1219,0.7883530073376122
1220,0.5802816500038623
1221,0.7254697487268016
1222,0.19856100738130128
1223,0.2506900801699681
1224,0.20075383964791357
1225,0.37853933840030984
1226,0.6668290882383741
1227,0.05309452435306912
1228,0.2797396815878711
1229,0.7248123993661449
1230,0.06730480775252802
1231,0.9462507453075671
1232,0.03316350108129592
1233,0.011917381120863022
1234,0.10283485876603184
1235,0.9097404357891058
1236,0.6886684628313039
1237,0.7902174136372173
1238,0.6774004390629712
1239,0.7393470697509442
1240,0.6933707409894249
1241,0.06831264533819939
1242,0.2258949514656285
1243,0.847078216618776
1244,0.4952698923939066
1245,0.0436612310180665
1246,0.3507633419728976
1247,0.009426023018242932
1248,0.8594764128434192
1249,0.21932336619825962
1250,0.6902317513397724
1251,0.09591796732154971
1252,0.5142775154663533
1253,0.9387399425006011
1254,0.09057921792070112
1255,0.912935856927416
1256,0.13450220337104726
1257,0.9561416476551753
1258,0.5204294632154656
1259,0.10259596146280403
1260,0.6892056281938705
1261,0.7753028302191977
1262,0.694188812486866
1263,0.11588022192672993
1264,0.04955862449792016
1265,0.7707100889501111
1266,0.8673740282567809
1267,0.7729469606932252
1268,0.5885911922464825
1269,0.526415940911988
1270,0.2971983944069911
1271,0.9397783703900875
1272,0.01232486487683582
1273,0.10550948740501699
1274,0.05198851457555434
1275,0.370844251041568
1276,0.8220874532511931
1277,0.7032649200122206
1278,0.23461325523825066
1279,0.32867633162066023
1280,0.396979330803718
1281,0.038142095103654745
1282,0.9461193370271432
1283,0.19509783278766854
1284,0.47503279674338283
1285,0.009583042839438892
1286,0.052187225900084316
1287,0.23902425114592354
1288,0.8115829746049169
1289,0.011002192589832187
1290,0.30473942531139553
1291,0.8179945496294849
1292,0.046975033128065176
1293,0.1196462605733993
1294,0.08269066176422293
1295,0.011103327820258654
1296,0.030102398016352262
1297,0.5003790687844746
1298,0.7824684509318636
1299,0.03619197506408747
1300,0.6897773896476029
1301,0.8178221625304399
1302,0.05889696524515294
1303,0.29038329938638213
1304,0.9100806387187631
1305,0.04205081665997093
1306,0.7386873808838236
1307,0.8741198113033948
1308,0.02096948558426629
1309,0.37347062443929857
1310,0.7914174242446071
1311,0.5142673652858797
1312,0.630488895309467
1313,0.6105106022432621
1314,0.010145311908639158
1315,0.18734995408285265
1316,0.5745245551274458
1317,0.05097154311286931
1318,0.11642737266155197
1319,0.10423939107487372
1320,0.846052467921894
1321,0.7185366589108377
1322,0.6614353793972094
1323,0.7664915173472548
1324,0.15516473738987352
1325,0.036224653554904215
1326,0.4331307176487362
1327,0.672113789484126
1328,0.3718576146577078
1329,0.31223296351083646
1330,0.06185484549451138
1331,0.013625518653996938
1332,0.32781231254971405
1333,0.011891516461730294
1334,0.5283898596245309
1335,0.29539062511292863
1336,0.04610296701451302
1337,0.2520900648636801
1338,0.8541969714194012
1339,0.7234006926587873
1340,0.36700349061334375
1341,0.8678993190925812
1342,0.3597682969990351
1343,0.629047376260634
1344,0.7692155150246252
1345,0.9427364542264611
1346,0.014001321873619575
1347,0.8974397234481851
1348,0.20280227839146633
1349,0.602931493524663
1350,0.48010760483786485
1351,0.25232925872028483
1352,0.4892414349343619
1353,0.3566287146374549
1354,0.6690555886195857
1355,0.05588691322587293
1356,0.9212174550453055
1357,0.5125798510394761
1358,0.24729811283544673
1359,0.5919322414218362
1360,0.6142312030615654
1361,0.31055179277641853
1362,0.6982825395723488
1363,0.6532453053280941
1364,0.08036325746319928
1365,0.7777951590369397
1366,0.568289677013874
1367,0.6795503580921602
1368,0.3502702641055777
1369,0.024650008449719294
1370,0.6972767613933333
1371,0.8394778077521724
1372,0.1948990131229754
1373,0.2252103142914603
1374,0.9309875944052677
1375,0.2758130708566918
1376,0.5601252395684395
1377,0.7117119941770893
1378,0.9485684444609778
1379,0.20243480588323895
1380,0.01007253993167385
1381,0.22157478711857106
1382,0.6469104826377441
1383,0.8993505452386784
1384,0.7528504050600019
1385,0.11113384978031045
1386,0.7391979646119428
1387,0.1384507825374154
1388,0.9372703549327345
1389,0.8292064475113955
1390,0.08026115268147879
1391,0.2714645013725234
1392,0.47835248210764464
1393,0.0737540734354369
1394,0.9376531760816929
1395,0.0644062963339003
1396,0.9345486823793749
1397,0.7432778618749114
1398,0.8263462012057674
1399,0.8907904250023868
1400,0.7416416945284896
1401,0.25035447106613173
1402,0.1019296492732906
1403,0.6143104039667386
1404,0.11682269556716626
1405,0.039640389134111345
1406,0.5199893847893735
1407,0.09821339884251025
1408,0.16718924755469886
1409,0.05750344170763019
1410,0.7556005203755015
1411,0.4547040571974197
1412,0.408462491613376
1413,0.26489072961275084
1414,0.4154053478738662
1415,0.1672069516662751
1416,0.8393337261465881
1417,0.07560642854239182
1418,0.06274363820862243
1419,0.6965691607176749
1420,0.10635357039720789
1421,0.6830302186776546
1422,0.41881184780128017
1423,0.041797196779756726
1424,0.7555564210821624
1425,0.8585706669520866
1426,0.9709073807824085
1427,0.7070356074692048
1428,0.03874848385303027
1429,0.9021231284182358
1430,0.7410298932297099
1431,0.6911849211820351
1432,0.9694832073765521
1433,0.7060776769175998
1434,0.48298454497120635
1435,0.6004504713438884
1436,0.913309647650087
1437,0.7616102704845344
1438,0.38888405600662973
1439,0.8996190346281171
1440,0.18751113620347906
1441,0.09396358068122099
1442,0.7701993001179431
1443,0.9368697821212053
1444,0.8884471071619165
1445,0.15124616514423928
1446,0.8943648114565454
1447,0.368371026269541
1448,0.6926719004838945
1449,0.01768918364610083
1450,0.48112218819069996
1451,0.20843295422324695
1452,0.052077070044539625
1453,0.7721057287728083
1454,0.4164318589104286
1455,0.8186621479920247
1456,0.06270925491388009
1457,0.509004476637447
1458,0.14000176448135446
1459,0.03298531593428774
1460,0.2075174499360302
1461,0.35915723520847215
1462,0.2915081620440801
1463,0.6101044292983259
1464,0.022329911003428658
1465,0.46512035249386846
1466,0.4344705266277307
1467,0.8541438810793243
1468,0.7033476811454037
1469,0.8838278584786569
1470,0.5638055150626486
1471,0.8739429343926034
1472,0.14911594240147052
1473,0.28744535955468453
1474,0.5055510271132603
1475,0.6270671421303442
1476,0.4281340652610305
1477,0.6512308798396944
1478,0.08215267012927549
1479,0.6937163741468079
1480,0.9155419151249847
1481,0.6349307316322769
1482,0.5688539374116445
1483,0.7332367563816645
1484,0.7300287135297273
1485,0.7800584264605311
1486,0.8313679533133017
1487,0.6021135076369467
1488,0.06879156661990664
1489,0.5495850075989986
1490,0.6237281206477668
1491,0.6370786053982771
1492,0.09943153550579895
1493,0.6156875267636006
1494,0.2883025094247205
1495,0.15904247703296903
1496,0.7834102851010288
1497,0.6698180472234587
1498,0.8169740638012513
1499,0.8551503944084087
1500,0.45602823155074623
1501,0.010922414661222601
1502,0.5116919239499467
1503,0.11775210750738996
1504,0.08957184099660963
1505,0.292350988922524
1506,0.6937065433434721
1507,0.010801518161648547
1508,0.08423865845408228
1509,0.6250026292278394
1510,0.09190077292765338
1511,0.3086310781611753
1512,0.15207482087962532
1513,0.1155945740531383
1514,0.12733540837731613
1515,0.09376063650349403
1516,0.261133079731559
1517,0.7572609516320462
1518,0.03649173077799781
1519,0.09713455594215435
1520,0.8548891222727284
1521,0.32139026058838166
1522,0.08864662407390667
1523,0.5144177519779524
1524,0.33942994618151284
1525,0.3806197240149712
1526,0.026144144969403395
1527,0.15143458929773462
1528,0.0993233294060741
1529,0.09320037902791256
1530,0.6864253245464568
1531,0.04373331133587947
1532,0.9142852763670247
1533,0.49820610822460243
1534,0.7334747913199275
1535,0.010217479203724926
1536,0.9639061860721375
1537,0.1005720526016337
1538,0.23365493936835025
1539,0.49370529989066086
1540,0.03706310424007912
1541,0.30701012185190557
1542,0.3024105431323291
1543,0.7354108480600933
1544,0.37742693454503745
1545,0.2222293670912919
1546,0.7742462271044952
1547,0.5601398473604797
1548,0.7706768538054429
1549,0.012321671159425793
1550,0.06296288026574456
1551,0.02967176327160206
1552,0.22999756716312872
1553,0.39427324949260567
1554,0.07804917219781048
1555,0.02041872669818967
1556,0.7346409187569064
1557,0.13716758832524967
1558,0.3025297106708839
1559,0.7579936882420686
1560,0.5179069213092568
1561,0.1324917707847841
1562,0.7062305453521998
1563,0.02024786044849721
1564,0.17034685638787672
1565,0.46233791357825543
1566,0.746912986564352
1567,0.3665779034903118
1568,0.19214083743867394
1569,0.43104882792954047
1570,0.6614982890375425
1571,0.9404649349169468
1572,0.32450695641471283
1573,0.7182908982214491
1574,0.35920645033593096
1575,0.45446430291285106
1576,0.06270564161838774
1577,0.20182586260036575
1578,0.8684678840281541
1579,0.40511063545126025
1580,0.6208914553432009
1581,0.018374356455701048
1582,0.7716956649831972
1583,0.6625144293066942
1584,0.31446121870676497
1585,0.9110022296829481
1586,0.45604914027347304
1587,0.56413482118974
1588,0.2951404823480926
1589,0.9073206053778871
1590,0.241155165388754
1591,0.031593779788900454
1592,0.8502304143371581
1593,0.25126241807692773
1594,0.026912509727272552
1595,0.9442033058842482
1596,0.8559535482063162
1597,0.8956998988825992
1598,0.829394606837794
1599,0.4287222075465473
1600,0.8234045727646997
1601,0.7633162044947472
1602,0.2857322479725179
1603,0.5782044215134529
1604,0.015626006253108164
1605,0.35844238931219724
1606,0.2525949953904161
1607,0.4971338595655755
1608,0.5877390668699773
1609,0.23605342541804267
1610,0.6822850003771669
1611,0.797936686813014
1612,0.3377169459208239
1613,0.29727732199046136
1614,0.047810871869348716
1615,0.018480142138464082
1616,0.3451177475227575
1617,0.3134829465867713
1618,0.9210393281098842
1619,0.2935593684094443
1620,0.0815497138542916
1621,0.27834697375294987
1622,0.03790099302910286
1623,0.5178996387180737
1624,0.7840863728772707
1625,0.8984328715674799
1626,0.32315358558939616
1627,0.8593314478553993
1628,0.587907745130636
1629,0.3241638108693854
1630,0.22154907344822442
1631,0.5414846044036392
1632,0.36500119476566956
1633,0.07311302401756159
1634,0.3206489107170402
1635,0.9462247455984588
1636,0.4756724737029559
1637,0.034562016511515095
1638,0.6462038484980359
1639,0.03798214193305414
1640,0.6141130435595099
1641,0.02621601096401682
1642,0.5701095290729091
1643,0.06459610579069358
1644,0.009489464235697744
1645,0.19299809228261308
1646,0.3723166884006396
1647,0.3893852729250126
1648,0.5279424172253189
1649,0.39397147090640106
1650,0.5870982902900447
1651,0.04627065667084059
1652,0.8252772376066226
1653,0.7836660214951308
1654,0.9269525545099543
1655,0.5697465258093296
1656,0.6092341255824447
1657,0.8395746106230383
1658,0.7786009805048851
1659,0.4590895102024717
1660,0.8715153060549712
1661,0.9288840617439391
1662,0.2165689535604814
1663,0.9504725685201476
1664,0.25693469831668153
1665,0.5785370241767825
1666,0.3661682149423825
1667,0.048678011316212765
1668,0.032726132312349415
1669,0.037389448135630526
1670,0.7285608235814903
1671,0.06322129151728305
1672,0.7615698460937723
1673,0.8874158880134622
1674,0.35845518595660963
1675,0.08114900843657888
1676,0.054544383085823045
1677,0.01422802989708136
1678,0.7787095897121058
1679,0.0491683784435068
1680,0.36799161939791714
1681,0.2723066317975298
1682,0.37700785056856106
1683,0.5477972277250591
1684,0.43278357709747384
1685,0.6748347744086841
1686,0.45223531908173886
1687,0.16284261479411385
1688,0.9154146204550734
1689,0.7429210117475159
1690,0.06192461507159509
1691,0.009186127059237048
1692,0.009888907153985703
1693,0.8542453393472391
1694,0.3916930353554789
1695,0.3445447231251837
1696,0.23530930162178346
1697,0.013266394146907327
1698,0.7839696807958144
1699,0.0595967277089422
1700,0.04505787950683182
1701,0.1189641440733213
1702,0.5997217333896931
1703,0.4463551946416631
1704,0.47634421492562734
1705,0.7919374194594401
1706,0.14806129620187214
1707,0.8817118901242154
1708,0.936050861656999
1709,0.7339331128859425
1710,0.49111341183919494
1711,0.362969420525029
1712,0.281963487960716
1713,0.9711516801825636
1714,0.1316692456002425
1715,0.49254129425071913
1716,0.3135123482661196
1717,0.45597325052265336
1718,0.10859324587849563
1719,0.49072369479065514
1720,0.8215197057779684
1721,0.2615202716399872
1722,0.06477973424203941
1723,0.11768342985923973
1724,0.13151807905058757
1725,0.14324179973087725
1726,0.8569706112461024
1727,0.5228932163364242
1728,0.15762438512075697
1729,0.40244266217036373
1730,0.16150657611623503
1731,0.9478538799086927
1732,0.9473947976299889
1733,0.023959555801285795
1734,0.3937697064278646
1735,0.05135695072963463
1736,0.48336637137367106
1737,0.38444996608856413
1738,0.44386478799612383
1739,0.969926676328222
1740,0.013206445465341284
1741,0.03228429842082111
1742,0.015152867938888913
1743,0.6523203678820572
1744,0.3598324714589025
1745,0.41361737732267573
1746,0.45950454968504617
1747,0.5090524974310876
1748,0.20481869787894316
1749,0.2855966001412487
1750,0.8969517790172877
1751,0.056388644118248524
1752,0.009174448909436056
1753,0.7117448449961827
1754,0.11407133700722798
1755,0.47252928654927945
1756,0.010979725102252692
1757,0.022724210516923842
1758,0.8652551677042618
1759,0.2960295200156277
1760,0.7826732497492687
1761,0.22964250662483948
1762,0.8552257741911252
1763,0.55608693291648
1764,0.5822498380700508
1765,0.7419419777371157
1766,0.7980576697542854
1767,0.04599248221429553
1768,0.05379589702865609
1769,0.01585278669181008
1770,0.9440225849213775
1771,0.43797357476360166
1772,0.4702572361837424
1773,0.6839943358805627
1774,0.49498112817732864
1775,0.34455683481857885
1776,0.028055611272497217
1777,0.04181403408310917
1778,0.3321720538957052
1779,0.8523204035426997
1780,0.6917736514820159
1781,0.6709855657370049
1782,0.011242119989026638
1783,0.36642076510941396
1784,0.3457075996211105
1785,0.885136095900702
1786,0.25794171491922596
1787,0.009282896586223178
1788,0.18453474374078396
1789,0.7270386410710805
1790,0.009450903515887132
1791,0.9563765008431929
1792,0.6844338241281818
1793,0.1566537256546206
1794,0.8748303602995002
1795,0.12333049099199847
1796,0.16623670073636115
1797,0.21710769961547663
1798,0.26555087017430123
1799,0.6040974323464521
1800,0.7709553325853507
1801,0.8043871370460606
1802,0.7450779983404024
1803,0.5406931763592501
1804,0.11840854062655781
1805,0.22315617699670778
1806,0.12907142342540895
1807,0.8470053986846283
1808,0.24409661437878552
1809,0.1481991273145988
1810,0.017747269180744377
1811,0.76728343466578
1812,0.6628071664046847
1813,0.6876259615542831
1814,0.6678993410404878
1815,0.07307379092726644
1816,0.5330608825838771
1817,0.14099553023305506
1818,0.8336188931638308
1819,0.09310459504581035
1820,0.6383434732897375
1821,0.15385871740645504
1822,0.8181941047075838
1823,0.1609816481955811
1824,0.1375002903596423
1825,0.22926722986561915
1826,0.5478781831597723
1827,0.5767834626392404
1828,0.6971383325148992
1829,0.592971121739697
1830,0.026411686193154954
1831,0.3730716833651564
1832,0.34030879489606325
1833,0.7669612704158606
1834,0.7551016018718064
1835,0.5110419282989034
1836,0.703284695291108
1837,0.5671576626852255
1838,0.28287483133278213
1839,0.07542137177169099
1840,0.7714670043696304
1841,0.12235403007692035
1842,0.23264754172624671
1843,0.8140819718708673
1844,0.46795526518410147
1845,0.33183109920027254
1846,0.2857768985806252
1847,0.20422293376560613
1848,0.8569389917100471
1849,0.16698976229034584
1850,0.9213539862271525
1851,0.6992752050341516
1852,0.8372911611554881
1853,0.3989950985947163
1854,0.06986179555890124
1855,0.2838985808599043
1856,0.6954268809623121
1857,0.015492176090425809
1858,0.2483185608146753
1859,0.023763393045534827
1860,0.8180870603788535
1861,0.8360962839481055
1862,0.9208069652595334
1863,0.7162474342025846
1864,0.33731082898061093
1865,0.04288753365065979
1866,0.03499390643748053
1867,0.7047111453395403
1868,0.5195186491599458
1869,0.01059579143427673
1870,0.16956161750050391
1871,0.7905046551398233
1872,0.7562047701332871
1873,0.7711794078741026
1874,0.08038661757351848
1875,0.4700986504922223
1876,0.4291183903774769
1877,0.8786297767252533
1878,0.871737019228389
1879,0.10951150005054022
1880,0.9014820934542119
1881,0.08336039912633536
1882,0.2016435355362909
1883,0.11321690413903096
1884,0.7701207657293015
1885,0.11085291039236456
1886,0.8141506262101967
1887,0.5541922582779485
1888,0.842862453867374
1889,0.15476088521455478
1890,0.12646724575803805
1891,0.783245459373695
1892,0.1246725944570808
1893,0.03863420545323068
1894,0.8962414250415591
1895,0.9203774146520726
1896,0.9386697926480432
1897,0.8392108037085346
1898,0.732891368799535
1899,0.7287081528011907
1900,0.7899751704739663
1901,0.2982081421894896
1902,0.09499709473129085
1903,0.2244464093646879
1904,0.8780189349355801
1905,0.7950893121494899
1906,0.0751980996722135
1907,0.7432440736790141
1908,0.016228932199370882
1909,0.7007566577400905
1910,0.1288110158270262
1911,0.8734312029119438
1912,0.8388318744576634
1913,0.008992909642701307
1914,0.7372360493943891
1915,0.5318232259277802
1916,0.49718739636832593
1917,0.07521114179497973
1918,0.15854314590981922
1919,0.3123529630978655
1920,0.850640690579838
1921,0.48111530606139696
1922,0.44247191007532766
1923,0.028213505186130056
1924,0.876683810584626
1925,0.5981490293253441
1926,0.5688989995839678
1927,0.12809175456869
1928,0.22703904291979335
1929,0.07351045869419291
1930,0.3481380377323914
1931,0.8762202341731716
1932,0.9397530440041306
1933,0.5893632706931887
1934,0.15124490198754373
1935,0.2257542544106315
1936,0.7061743470236307
1937,0.4260735936178417
1938,0.6584799736135991
1939,0.9121702960552278
1940,0.12222307908400154
1941,0.453613174828648
1942,0.8604088849933059
1943,0.08167428527317597
1944,0.7299978670257498
1945,0.6849159353858298
1946,0.520697030480766
1947,0.3657866131536283
1948,0.4249500517354429
1949,0.8290403362563827
1950,0.44211619369395844
1951,0.20980364579556876
1952,0.041169011358451774
1953,0.28148168889865693
1954,0.7073877103828542
1955,0.8286290431875737
1956,0.05871689921095144
1957,0.010673204136659814
1958,0.32820048929894957
1959,0.8166506483565333
1960,0.937406915995518
1961,0.21405538542907465
1962,0.011345771348156569
1963,0.11941340031568877
1964,0.028324778204942957
1965,0.6981820781523116
1966,0.9756558655385154
1967,0.843775679889551
1968,0.24568587657448024
1969,0.025196871563042313
1970,0.6582493466246285
1971,0.03953600792551033
1972,0.7739991440787944
1973,0.9371949512773741
1974,0.9692457563107502
1975,0.11987700784559392
1976,0.4695094068976541
1977,0.5838445068582168
1978,0.16107985319534496
1979,0.4099349852250177
1980,0.21364119567386614
1981,0.015360524589095164
1982,0.05449477066850001
1983,0.4817871809106474
1984,0.6497969425693093
1985,0.1299102900281921
1986,0.6330871503655768
1987,0.013067313217442691
1988,0.5003808705633839
1989,0.8059938498349823
1990,0.48620742201184625
1991,0.03644635551346914
1992,0.26132448128850566
1993,0.7158292684428084
1994,0.5284752720149736
1995,0.1735920334437978
1996,0.7239337700516754
1997,0.7147685065515144
1998,0.7183751163713951
1999,0.7752360164518866
2000,0.10264838261660314
2001,0.7333779767497425
2002,0.3641128562555049
2003,0.9649486440193527
2004,0.837708224232971
2005,0.14307855396997862
2006,0.8318221554450498
2007,0.8516563644838787
2008,0.6506092235579313
2009,0.896951563691438
2010,0.7846191940462697
2011,0.2276494307236929
2012,0.404963212036529
2013,0.4068793326427552
2014,0.31804536908710684
2015,0.012837537487367963
2016,0.7719935514181183
2017,0.1149768280025089
2018,0.7819488855818117
2019,0.17223430553797292
2020,0.24475452339189888
2021,0.27348906651397203
2022,0.07911025268829412
2023,0.10052805384126251
2024,0.3546699538617617
2025,0.2103410320857304
2026,0.44235743274777434
2027,0.5533237483594295
2028,0.22939507866469075
2029,0.5157386634134757
2030,0.302340660004506
2031,0.5540226852798795
2032,0.5182832904520372
2033,0.24424642374655903
2034,0.41251742513833467
2035,0.42326357149894456
2036,0.7545508466773239
2037,0.23931344955460557
2038,0.04890005441970803
2039,0.7882144502233371
2040,0.7674805676932809
2041,0.0160330293298384
2042,0.6062948129093761
2043,0.9081839415146074
2044,0.49828803984762565
2045,0.6711528760720628
2046,0.05283619411717978
2047,0.5882305111445694
2048,0.38754677108203844
2049,0.6314066397470991
2050,0.5250549579570114
2051,0.8162661530099721
2052,0.04934667751735067
2053,0.2821689732663528
2054,0.1064282737962405
2055,0.2774876169148776
2056,0.5440122926086302
2057,0.5676940451300552
2058,0.928491539221782
2059,0.5264197975945663
2060,0.6829673265118558
2061,0.6222063473534376
2062,0.0965665802965165
2063,0.223092984493401
2064,0.32153253012054317
2065,0.40559124288731674
2066,0.7161784068730176
2067,0.9542121110076441
2068,0.8516112630831878
2069,0.8255612421106608
2070,0.5532683281750783
2071,0.740147977989679
2072,0.2889640814926266
2073,0.030197035629511624
2074,0.015906827333217712
2075,0.2215016605623121
2076,0.9088915238155062
2077,0.15473983494045818
2078,0.15031223818502992
2079,0.2530610050648891
2080,0.21320729792256463
2081,0.7267069867769222
2082,0.041979033771499356
2083,0.759436379813889
2084,0.5954842450495218
2085,0.15782471472702242
2086,0.011061879064754311
2087,0.8610015209219306
2088,0.817373588948614
2089,0.011286957918271811
2090,0.6922287856900826
2091,0.4882425127818911
2092,0.5011659277115867
2093,0.14116129195873192
2094,0.031287759253952996
2095,0.11957940215043449
2096,0.8096747236514193
2097,0.6755864241147227
2098,0.05248335259249154
2099,0.8150978108306366
2100,0.33279002354983556
2101,0.05519443794079888
2102,0.14605123716658192
2103,0.20976667177817748
2104,0.29528108049346413
2105,0.5819097182865127
2106,0.8777472592332075
2107,0.20265496389651824
2108,0.8595340317524003
2109,0.8126155613227373
2110,0.10178597281141502
2111,0.010967016941435374
2112,0.9586366497490385
2113,0.8094420011364692
2114,0.8906969052361259
2115,0.1823034359464996
2116,0.41276074997862594
2117,0.8571431822721101
2118,0.0941184551917804
2119,0.9121875156430155
2120,0.8663578199276628
2121,0.6356704057096906
2122,0.620851158223967
2123,0.39957532557924574
2124,0.009583851764139954
2125,0.7199336592168476
2126,0.8028050296761217
2127,0.7656497155174253
2128,0.02596002627348816
2129,0.017745158361550547
2130,0.767296600447144
2131,0.029205640054357367
2132,0.3769747365316816
2133,0.6381944531053378
2134,0.08579887468655666
2135,0.41663709016325995
2136,0.03550274379618673
2137,0.36418225007298805
2138,0.6384924791349035
2139,0.7193394843062546
2140,0.2783690399217137
2141,0.7422665801002958
2142,0.7057697172225341
2143,0.9028294147564698
2144,0.6185840589657141
2145,0.8925859831252636
2146,0.3599453947854408
2147,0.5422201474825855
2148,0.7556785870918371
2149,0.7786041079086038
2150,0.7104409174863153
2151,0.26360913361380867
2152,0.23411138319514443
2153,0.329304236916942
2154,0.6973256718379156
2155,0.585884192987442
2156,0.07766930825588952
2157,0.7178715745529265
2158,0.8795340239873997
2159,0.6875649547855186
2160,0.2602479602976532
2161,0.41926273842953166
2162,0.49579488890976603
2163,0.8611201707507057
2164,0.18464427403234332
2165,0.4986724855346547
2166,0.34010334209709386
2167,0.48757119974655294
2168,0.26503095519645414
2169,0.7749778422126545
2170,0.37337055712541867
2171,0.22509756105308204
2172,0.04393461572897338
2173,0.9383144326273098
2174,0.6943607218464177
2175,0.01132805448493449
2176,0.639213973159704
2177,0.9620600932065445
2178,0.04730840078022105
2179,0.3791361773014022
2180,0.25960961512160696
2181,0.47244087073314056
2182,0.30414861936091936
2183,0.5213395371645215
2184,0.8545182467069719
2185,0.7542996260971765
2186,0.8325188866716232
2187,0.009384076859662482
2188,0.02181236947867253
2189,0.029831959910774353
2190,0.19386501047670462
2191,0.4272920080604871
2192,0.8186727098700788
2193,0.6219884410331717
2194,0.5949366800622936
2195,0.1858219808776771
2196,0.09589585307796221
2197,0.37787289984145517
2198,0.14671081347016363
2199,0.633992138634384
2200,0.28187362315051057
2201,0.11339175504832433
2202,0.6740331039638957
2203,0.6624738909252638
2204,0.7211101621829765
2205,0.18773560869854436
2206,0.22576958101836986
2207,0.950310882505545
2208,0.4892974249742312
2209,0.9348169980763567
2210,0.012225482417692841
2211,0.5600929302185856
2212,0.06331976678668616
2213,0.03877676982908093
2214,0.07684959977912209
2215,0.6014675421855886
2216,0.7709535730886927
2217,0.16372419507108718
2218,0.6179771433443394
2219,0.008097615151840721
2220,0.09999797579190177
2221,0.8146608706956637
2222,0.5604483656630178
2223,0.07045459760822331
2224,0.23383544789713603
2225,0.6038404323122246
2226,0.04165932830611949
2227,0.3040059665030726
2228,0.7206465312957069
2229,0.01644245852533167
2230,0.2713106457247112
2231,0.9487330965133067
2232,0.6199487177284914
2233,0.3501213607230639
2234,0.0264343490843734
2235,0.8806999391855914
2236,0.705074319515688
2237,0.7060128305953849
2238,0.026080896360955598
2239,0.35192654571529025
2240,0.22534757124797303
2241,0.5099305090300321
2242,0.7554471151961843
2243,0.593311362577117
2244,0.8337836508879504
2245,0.8265485921285121
2246,0.7691645654724493
2247,0.926752400170203
2248,0.5963167349763281
2249,0.32953252769404623
2250,0.43140676124996186
2251,0.8404319185887311
2252,0.19418085722786524
2253,0.18068912760622174
2254,0.9182342048777342
2255,0.7050672326379197
2256,0.08427536475620127
2257,0.20879899818876993
2258,0.09322958995263728
2259,0.022975148794184785
2260,0.6249582881424114
2261,0.9329159540006798
2262,0.06354224909612415
2263,0.47431611051251016
2264,0.07562261656957708
2265,0.1589593283374115
2266,0.6244492041542358
2267,0.011951094924001959
2268,0.10899131640776308
2269,0.23888559329400194
2270,0.12098791722059524
2271,0.7566281480712468
2272,0.9501473396708534
2273,0.1660249803810485
2274,0.43884714959551346
2275,0.6682600835452887
2276,0.7529595786656688
2277,0.35400258565154863
2278,0.4857214113095072
2279,0.8628698305617006
2280,0.11386174025540996
2281,0.39571842880472474
2282,0.7830053277318825
2283,0.6599046541454395
2284,0.7382404975822349
2285,0.43668700950602723
2286,0.01409759006939871
2287,0.1982040724424464
2288,0.8216688636882181
2289,0.0694302662595073
2290,0.05499484640939383
2291,0.30336494126428787
2292,0.6335434165576034
2293,0.8390971823995114
2294,0.01377635414436567
2295,0.9468541407374748
2296,0.22739163054671102
2297,0.8077280517308526
2298,0.7689737090968023
2299,0.7261846816291478
2300,0.12760098065806014
2301,0.19072235525420847
2302,0.5428194533563423
2303,0.10819749047039089
2304,0.021261084679595883
2305,0.11426664841621424
2306,0.6476474071936692
2307,0.9538420678448748
2308,0.8642896616424902
2309,0.908189667458765
2310,0.589252142118929
2311,0.03620009242925988
2312,0.5065411708918307
2313,0.01583470199522676
2314,0.10943646901668984
2315,0.8294187072661049
2316,0.8037490484531237
2317,0.4079048692672943
2318,0.8005784991356742
2319,0.23016651549150133
2320,0.6803450270505772
2321,0.894020898543214
2322,0.07254830888342494
2323,0.8903691805269996
2324,0.41618096285585476
2325,0.672605042369461
2326,0.2435114299172289
2327,0.30320743563397223
2328,0.8256422752112828
2329,0.8104723205386154
2330,0.4146103131386326
2331,0.814676838658215
2332,0.07575023556732931
2333,0.056573563583164496
2334,0.2512020792463538
2335,0.037593469116914385
2336,0.1389408986703868
2337,0.7340334175226885
2338,0.6679230291649914
2339,0.2585770216922253
2340,0.024455353428709355
2341,0.6520105579883227
2342,0.5755352714961165
2343,0.027453997554124525
2344,0.020856489864509987
2345,0.29965083515273483
2346,0.4210745581170764
2347,0.4490353717987806
2348,0.9055776452769052
2349,0.009411055062936198
2350,0.8966107342180137
2351,0.015895011208216177
2352,0.6671610942502886
2353,0.2750693296262194
2354,0.06436523772635591
2355,0.10710450290336501
2356,0.4788198480685167
2357,0.554316444424611
2358,0.20844200599985885
2359,0.8061787459569292
2360,0.8517601176719098
2361,0.6063509586011991
2362,0.1793109876815438
2363,0.18656186206716785
2364,0.2658882089900339
2365,0.8213056102521212
2366,0.08612909406378261
2367,0.06967637429401025
2368,0.27950942426993036
2369,0.33017685009511943
2370,0.10385069335523582
2371,0.6494577173100725
2372,0.34392948467458573
2373,0.24738527413901076
2374,0.7235168648696497
2375,0.5509808891005131
2376,0.5256762110147364
2377,0.7161652197759134
2378,0.02443042162699953
2379,0.4781951031210365
2380,0.9706875145936591
2381,0.09092919135010016
2382,0.8475243612269029
2383,0.7712520639469792
2384,0.680776516933188
2385,0.45928387761642675
2386,0.8542853571118791
2387,0.31596097101014786
2388,0.6373235602225125
2389,0.5363487643565866
2390,0.0810602657399266
2391,0.26661405351081646
2392,0.02517893060404457
2393,0.056341856214175895
2394,0.5242078257062557
2395,0.2310737124954295
2396,0.21430558823285936
2397,0.5376165361185044
2398,0.7739344075249095
2399,0.11436597208716183
2400,0.6120099309835879
2401,0.2578273253391894
2402,0.27631219543363594
2403,0.6980097562271627
2404,0.4759159998557173
2405,0.010901961916539952
2406,0.8244554894235775
2407,0.6649102533575737
2408,0.6197756948314631
2409,0.10395978146543741
2410,0.2770597565568112
2411,0.0867263153177645
2412,0.32262522138263
2413,0.632078435418513
2414,0.05106834020407029
2415,0.16534737129706062
2416,0.7781148690201443
2417,0.6505368423458784
2418,0.6855357606974848
2419,0.5322585204579594
2420,0.05916510406204504
2421,0.7451015915024206
2422,0.8999486851717159
2423,0.36764408785304514
2424,0.5837398104786462
2425,0.394452176597599
2426,0.31825867868154495
2427,0.473567861999378
2428,0.07368602517729338
2429,0.6656651231652043
2430,0.39102460065949973
2431,0.9127590166291822
2432,0.6051045618386838
2433,0.7563900491814239
2434,0.1065935542696859
2435,0.7620480261457779
2436,0.6478347456553025
2437,0.9878022809838696
2438,0.12315642974721389
2439,0.5784807544295301
2440,0.21690634408565904
2441,0.20675916230173896
2442,0.49563099652179826
2443,0.1676870926740742
2444,0.6736923785009845
2445,0.5258237909700793
2446,0.5946178443298358
2447,0.6497339500272113
2448,0.6112279609369857
2449,0.8675527182034707
2450,0.448261534503446
2451,0.8866317023474322
2452,0.4309897490317413
2453,0.9180318657611061
2454,0.13921516523309274
2455,0.12039363867480922
2456,0.022018221042585773
2457,0.11418051016989837
2458,0.42070338913477245
2459,0.012797738445797775
2460,0.7149402426773496
2461,0.6821369854940703
2462,0.5349682128389006
2463,0.008725311922663752
2464,0.22086641102439852
2465,0.3520692769519085
2466,0.03181136530784679
2467,0.2656735096509083
2468,0.6472877511223665
2469,0.3021268549329234
2470,0.568996926841078
2471,0.01985796970105601
2472,0.15464058330526897
2473,0.17852814264070255
2474,0.48870979324346203
2475,0.049317207826165346
2476,0.04318453940356332
2477,0.8252229587960993
2478,0.45111601308136756
2479,0.7862700937500996
2480,0.016891444187396243
2481,0.7219615359714723
2482,0.7916193518359795
2483,0.9180205654521182
2484,0.01060424158915007
2485,0.592100770914714
2486,0.7043037677880251
2487,0.6002335556098121
2488,0.0141395014124158
2489,0.8244387818269819
2490,0.014055835836811598
2491,0.06466441895919564
2492,0.9012423212527001
2493,0.8715963303257741
2494,0.3371958534521157
2495,0.46947996313386736
2496,0.8609068613059054
2497,0.6884154853662324
2498,0.10844849016128513
2499,0.7043163125700597
2500,0.14710072515528655
2501,0.6269708227237277
2502,0.019013061704253712
2503,0.7079522180817661
2504,0.44585018708515317
2505,0.8902759824837306
2506,0.3360613225459732
2507,0.8088205476300369
2508,0.14327536120215964
2509,0.039472374595226796
2510,0.37442155207723626
2511,0.7866963135823771
2512,0.4639274431734096
2513,0.7385760708803718
2514,0.009562478040869375
2515,0.16187018413551066
2516,0.7462758962561564
2517,0.791537055381781
2518,0.06259087149024896
2519,0.5256635423505867
2520,0.6035892975077319
2521,0.17037351923892063
2522,0.1839410167318236
2523,0.14934697551466566
2524,0.7418839591064503
2525,0.07567784982580869
2526,0.055883799681245676
2527,0.031642869263885626
2528,0.5950802655430667
2529,0.21523970594432099
2530,0.16175216617339658
2531,0.6697086477292519
2532,0.010144171306047226
2533,0.6905077153609225
2534,0.6509911550786394
2535,0.9547686463136545
2536,0.9130115271505541
2537,0.845957951281906
2538,0.706658144997101
2539,0.865734915797813
2540,0.29846015773970397
2541,0.80172631133369
2542,0.634599804256534
2543,0.5143309457003004
2544,0.8490213965049948
2545,0.26230954567359277
2546,0.05233072964819699
2547,0.3373423420508832
2548,0.24638939424533768
2549,0.8418950169770224
2550,0.7962347806312136
2551,0.9892187154146348
2552,0.8530457826462556
2553,0.8376432611329554
2554,0.5814904572145182
2555,0.5435498542781142
2556,0.8529919540375053
2557,0.8105170208473819
2558,0.33565720469579163
2559,0.22852707156030433
2560,0.8630010609374315
2561,0.012478593235713493
2562,0.7797805036135594
2563,0.24819547514652143
2564,0.6158811561027437
2565,0.41641450613991216
2566,0.0866323892737716
2567,0.2685613552034223
2568,0.6998299235671789
2569,0.7367760307183787
2570,0.47242317575670756
2571,0.16415840968778994
2572,0.7794537531103514
2573,0.49210654089316413
2574,0.8714165837713768
2575,0.595554544691241
2576,0.010741054242427448
2577,0.6023219719038019
2578,0.13533746076706607
2579,0.011101257367607961
2580,0.007860748839823968
2581,0.03590234154838254
2582,0.39692674084165186
2583,0.4857231983304209
2584,0.3036820853590934
2585,0.7709570404375766
2586,0.9364287547539712
2587,0.011615107146499121
2588,0.46381007931605783
2589,0.027968877887553693
2590,0.4642300884213745
2591,0.8543847746370051
2592,0.3365520412305551
2593,0.3680414176304493
2594,0.12524270613391866
2595,0.914322192157264
2596,0.7777644604924224
2597,0.030694280188092286
2598,0.1716681639260757
2599,0.8375780926391042
2600,0.22840182097870035
2601,0.5328707293180223
2602,0.14047847825781642
2603,0.10535872235422712
2604,0.36094604885448595
2605,0.9094035594455293
2606,0.17753984013311255
2607,0.17042317444851235
2608,0.2926595421511425
2609,0.6544899431399187
2610,0.29820032034742017
2611,0.5109022621322079
2612,0.04539808368525984
2613,0.6174152860039984
2614,0.8968971115642556
2615,0.6769918465040591
2616,0.008304871363608782
2617,0.17146587541780622
2618,0.8143730685729724
2619,0.6101946311209714
2620,0.8691134000810551
2621,0.38058693342277417
2622,0.6751855583817329
2623,0.6785734422894152
2624,0.04428582838085105
2625,0.8092375562591021
2626,0.4037202786290455
2627,0.894323477288773
2628,0.03792967791534157
2629,0.02601609711839237
2630,0.7179446696190505
2631,0.46369094644599035
2632,0.14665678011213115
2633,0.3755997718703767
2634,0.24446608454651567
2635,0.7482574890909192
2636,0.1854843290717573
2637,0.5614846309078179
2638,0.3497700776667822
2639,0.048398434752579184
2640,0.03579664578390271
2641,0.748078658441375
2642,0.21756390566903094
2643,0.010167404780099198
2644,0.28927127189693663
2645,0.820215103252405
2646,0.8660420259064765
2647,0.054734936263521466
2648,0.3343623936770105
2649,0.5029946566019841
2650,0.6202780102996446
2651,0.6604833965141373
2652,0.7336388388827453
2653,0.5572701262779018
2654,0.8641001327314982
2655,0.22731083253453327
2656,0.09447098321637425
2657,0.10068955212144218
2658,0.830582259505675
2659,0.7624044986529548
2660,0.48081891316903597
2661,0.01729772638622745
2662,0.4529264380066104
2663,0.8082533130783397
2664,0.6175795760196492
2665,0.3746855262094994
2666,0.5501490423065254
2667,0.7617487249222629
2668,0.7507377461979051
2669,0.6716061814445615
2670,0.6075815561474601
2671,0.034536564630118824
2672,0.6583770364237266
2673,0.07102053587876851
2674,0.30839423767631646
2675,0.14854669699682738
2676,0.10315198362082718
2677,0.6126097263612923
2678,0.5460531396365644
2679,0.8999581696507355
2680,0.742513676717971
2681,0.06885392425934618
2682,0.7698752792351512
2683,0.2156147273720373
2684,0.5174428387017079
2685,0.5154454673175136
2686,0.7409197542681141
2687,0.029299808844847727
2688,0.4558291779287291
2689,0.46211342198537264
2690,0.011561261042216619
2691,0.6781656594948734
2692,0.039759225649579955
2693,0.19914293074913597
2694,0.007546377109238759
2695,0.2607548240707559
2696,0.37221758977344305
2697,0.5518842265644845
2698,0.8970047273323656
2699,0.6021600823923048
2700,0.03400037347230369
2701,0.7802522672180818
2702,0.47259447534741517
2703,0.011956077229007088
2704,0.8469285394266693
2705,0.8899375722738325
2706,0.8318309293142202
2707,0.53595888789865
2708,0.3489350793470208
2709,0.9171902560425592
2710,0.09567317205640108
2711,0.20939465220598327
2712,0.011049068612153618
2713,0.05457229905083073
2714,0.023577674860851938
2715,0.04054333978704955
2716,0.06798334501087999
2717,0.5108969410167289
2718,0.07530197662720285
2719,0.03345505687541374
2720,0.009837198590288499
2721,0.7530985470916405
2722,0.08122699111827573
2723,0.3841102097747508
2724,0.0984772639952916
2725,0.0981863609747769
2726,0.3984432927985005
2727,0.024159427365482742
2728,0.07668358113732532
2729,0.8991744866530528
2730,0.7503639272299676
2731,0.14825691433267324
2732,0.9483231444999141
2733,0.8251688384749877
2734,0.19852731201231166
2735,0.6005786208464455
2736,0.42181498183127103
2737,0.03415500178457362
2738,0.721708848786339
2739,0.009032904366057148
2740,0.756703239986867
2741,0.19434518761532552
2742,0.30008736640707434
2743,0.2547691308450985
2744,0.7414078191841117
2745,0.463257068567117
2746,0.3542492878204824
2747,0.46656147882902904
2748,0.20846283932033674
2749,0.11668330594438321
2750,0.5156927362813464
2751,0.011069957606039491
2752,0.3955622693265306
2753,0.0983528705079666
2754,0.04849639358400877
2755,0.38674671760721985
2756,0.6847464652347314
2757,0.8761423256159532
2758,0.32151860856230313
2759,0.33890550953126614
2760,0.13314200698457906
2761,0.019909389533715315
2762,0.7224995884887291
2763,0.3257402266213887
2764,0.0529215742717795
2765,0.8778269250046428
2766,0.04506291822907997
2767,0.8170972008864767
2768,0.7256990301725775
2769,0.7926240729879236
2770,0.2344146912338552
2771,0.7963666006493207
2772,0.29685054300653263
2773,0.3504907518006933
2774,0.47740081297151166
2775,0.7581497906363113
2776,0.40492831406750857
2777,0.5072946165471622
2778,0.7641966432907521
2779,0.8087800475780769
2780,0.6631642161392556
2781,0.5269863088333995
2782,0.06066896839034754
2783,0.7199041794899691
2784,0.8367033100617395
2785,0.2136427374465488
2786,0.1237605563197061
2787,0.016777979975123827
2788,0.8345947762517801
2789,0.16442655842884019
2790,0.30962643589537814
2791,0.8375279985543993
2792,0.9274845971958829
2793,0.587818627495675
2794,0.5132723650326693
2795,0.025011484025749122
2796,0.8442370592404715
2797,0.385811041191213
2798,0.4802002052392576
2799,0.038519776678569324
2800,0.44726944210778813
2801,0.9006155806510558
2802,0.7148128294054512
2803,0.6477185653437527
2804,0.047983598143101665
2805,0.7033745637348698
2806,0.011853518373563328
2807,0.02068036353932458
2808,0.41366602924443197
2809,0.4193905303862071
2810,0.5751550429313126
2811,0.579910943907216
2812,0.9400785750917849
2813,0.1676723534174426
2814,0.727858874257505
2815,0.8920843423564283
2816,0.29482615042333593
2817,0.04620369726826586
2818,0.41121137492829296
2819,0.10673823880712853
2820,0.33105324506004863
2821,0.02240465834021646
2822,0.6375754878610921
2823,0.5449177179551972
2824,0.4169127588764746
2825,0.13099936312721727
2826,0.36457144583698536
2827,0.18398041417721994
2828,0.2351741692059196
2829,0.5830692791546167
2830,0.7141160631352855
2831,0.6104619638193964
2832,0.16642677065442657
2833,0.15895654547086652
2834,0.8588306178951264
2835,0.07304258283031138
2836,0.7708000021378277
2837,0.9424643842508587
2838,0.1448750177518205
2839,0.3808991053129608
2840,0.28277226478772266
2841,0.7020224077161014
2842,0.2616262685147316
2843,0.7963988571339834
2844,0.29831504801240427
2845,0.08739425566550481
2846,0.5442427094868441
2847,0.05964027452907894
2848,0.8040428604009443
2849,0.13531940039998477
2850,0.022703703004387843
2851,0.02521844214897875
2852,0.04433926217864167
2853,0.7138549936242442
2854,0.22919738762254438
2855,0.3985846461655971
2856,0.6192585468696493
2857,0.871043942694163
2858,0.8150953161258205
2859,0.6320207365657103
2860,0.7217027744126349
2861,0.33396991741147664
2862,0.9180132250240848
2863,0.17347842832441493
2864,0.18329737701275017
2865,0.4015895330003009
2866,0.3266373188630254
2867,0.2848869901126961
2868,0.4974799701092679
2869,0.21868430443283657
2870,0.8527716524328293
2871,0.3568025962577599
2872,0.45233579051971684
2873,0.017463060448610804
2874,0.01438827977947121
2875,0.8209804829220155
2876,0.20645785737361624
2877,0.6652604309665937
2878,0.23372267733637958
2879,0.3013975371728205
2880,0.019860818991143756
2881,0.8744549353176313
2882,0.37418558376324174
2883,0.7173345724756098
2884,0.14838671526427405
2885,0.4965744679926937
2886,0.011208015488646252
2887,0.6653411433151343
2888,0.33031020694415386
2889,0.8803071478473885
2890,0.6340115157180032
2891,0.04004584887357199
2892,0.636359437137393
2893,0.7417786700866933
2894,0.5914013904642885
2895,0.8074449202517822
2896,0.06014725719751899
2897,0.4615221799188765
2898,0.43585398056053065
2899,0.6953310013318741
2900,0.13871256279895047
2901,0.8069390241620754
2902,0.007865202827189548
2903,0.3787599770492967
2904,0.4802896925352084
2905,0.11156598270675883
2906,0.03335291247986918
2907,0.2912474899102943
2908,0.887125735092407
2909,0.11344565414261495
2910,0.6298780397141486
2911,0.08941592841503843
2912,0.3693264731291487
2913,0.05431233238270255
2914,0.20277306469985432
2915,0.6816698092750098
2916,0.6338666870539355
2917,0.17240990843909815
2918,0.46190369070165443
2919,0.09378331008259327
2920,0.43603082661429277
2921,0.9443918631644861
2922,0.009039103194473756
2923,0.5086162792660093
2924,0.007550137872708793
2925,0.04308564866906563
2926,0.28177169371493366
2927,0.4294510905702641
2928,0.6005602023475237
2929,0.8441537474816548
2930,0.7194917462296847
2931,0.8244945447122018
2932,0.19895094459073348
2933,0.660509469663746
2934,0.40236805486974064
2935,0.8430866813252667
2936,0.10229918617018019
2937,0.5767571374216987
2938,0.933198146243671
2939,0.7655388282191137
2940,0.581719320856943
2941,0.7878756955834034
2942,0.6842590369571822
2943,0.048203364313784296
2944,0.3735247483401258
2945,0.11631806755380668
2946,0.04210485553292989
2947,0.6283515866461418
2948,0.9551594593405642
2949,0.49791447596496186
2950,0.22715285074682884
2951,0.9315029819487687
2952,0.23433958259444113
2953,0.4909539815201065
2954,0.5535813519818571
2955,0.511416765966115
2956,0.4037106098651545
2957,0.8371971128327576
2958,0.01799026526280851
2959,0.9248095639674798
2960,0.0258667512329467
2961,0.8113537312935274
2962,0.06509818230666452
2963,0.508432352765856
2964,0.5466995686106975
2965,0.31994764567586126
2966,0.2733919842205856
2967,0.7285085713946824
2968,0.02596817661542219
2969,0.7099453292151531
2970,0.5550591482775212
2971,0.6133362703190244
2972,0.32357422493361704
2973,0.03034639775942656
2974,0.4136345796667325
2975,0.27957024771527744
2976,0.07668572336969194
2977,0.22926196233657026
2978,0.00921436309582968
2979,0.6442533260555473
2980,0.9686310850439638
2981,0.06037931527832761
2982,0.048803168252933994
2983,0.5842002327544074
2984,0.15907698919622523
2985,0.04691302677283956
2986,0.096281906665465
2987,0.025774513006073013
2988,0.3884057137213136
2989,0.8490562252773663
2990,0.5714146667168097
2991,0.5772388708049694
2992,0.3921554855853783
2993,0.6175366622989221
2994,0.5503347268922217
2995,0.8960919026081301
2996,0.05169542266462044
2997,0.3242428800957087
2998,0.02118821726246552
2999,0.574256876894102
3000,0.15157387442861422
3001,0.2699766625678694
3002,0.3502063931769905
3003,0.21825551942604787
3004,0.22906309750137693
3005,0.6137654276895163
3006,0.7837949390194207
3007,0.03303061913145235
3008,0.46155552686061846
3009,0.9131492251913267
3010,0.6019650627251256
3011,0.7665067414567458
3012,0.13937207953869338
3013,0.3532761761376149
3014,0.7171847698974053
3015,0.3417859047517785
3016,0.7847133801534453
3017,0.1647572714544949
3018,0.8898505260963302
3019,0.7619110328490016
3020,0.6526771096310109
3021,0.552352226493967
3022,0.34466528750353953
3023,0.3134248820072637
3024,0.6771563728741227
3025,0.03420034308573316
3026,0.8435806242064192
3027,0.9192702319413572
3028,0.5697600220673171
3029,0.6364659937809637
3030,0.32132176629953385
3031,0.698853750206901
3032,0.15058767477841778
3033,0.806105590199516
3034,0.07358192931823777
3035,0.6228281207354855
3036,0.19187281990192756
3037,0.8756294984508652
3038,0.7389605005043894
3039,0.050774420672174025
3040,0.8653061922536238
3041,0.18516857061876887
3042,0.5963825862982187
3043,0.6369675025437989
3044,0.8870066215549067
3045,0.6702158484377759
3046,0.14029487442914487
3047,0.05158060798465942
3048,0.5151721432826079
3049,0.16116771398744173
3050,0.5661805332883147
3051,0.49604778726087756
3052,0.5193024170614675
3053,0.699197648610375
3054,0.3190253788656955
3055,0.9045762306737716
3056,0.026240232060926242
3057,0.5687368481564826
3058,0.6867481866335753
3059,0.85056681606642
3060,0.12631478645305058
3061,0.33472613698796994
3062,0.008999607142897235
3063,0.2540997052729158
3064,0.06547965649613724
3065,0.821387698162551
3066,0.7637306661730917
3067,0.6808797893012664
3068,0.1989465678772946
3069,0.3972533752826456
3070,0.9300086334082185
3071,0.6716025917439016
3072,0.8463271666818145
3073,0.1987924729270171
3074,0.46929654258194836
3075,0.8803545998856848
3076,0.3889863182286551
3077,0.09911503627021077
3078,0.5993866636724016
3079,0.48306804418029436
3080,0.010043257329084457
3081,0.25470233630990746
3082,0.2212346216330436
3083,0.16271757254243235
3084,0.055664360138314065
3085,0.5789305593445918
3086,0.1292763480020472
3087,0.5749817620851405
3088,0.7877733669448722
3089,0.3578616800671303
3090,0.9106046152029578
3091,0.16916049027766267
3092,0.09007585402678692
3093,0.07758068147907042
3094,0.7369270022643486
3095,0.05035071823185855
3096,0.08204429276560468
3097,0.07420502223156315
3098,0.602425726369107
3099,0.6879265531103456
3100,0.6992607560919678
3101,0.4816756502462504
3102,0.6818619913830141
3103,0.46765075479948864
3104,0.20939566042020238
3105,0.8295236623629989
3106,0.05794898720570536
3107,0.033921516884711976
3108,0.4259903016642613
3109,0.6403095569419901
3110,0.1957899816356917
3111,0.8227548637322442
3112,0.08937095549462641
3113,0.8582353914906784
3114,0.022989874583151722
3115,0.9453821770769543
3116,0.17072296118088878
3117,0.2816357117912447
3118,0.14309994472059176
3119,0.47173297436081507
3120,0.534067375598241
3121,0.923942229517659
3122,0.15357755977484325
3123,0.6654240527758575
3124,0.12219326046410282
3125,0.01007824561330452
3126,0.01566148550051409
3127,0.15439087405987337
3128,0.42153958648437034
3129,0.3271517571320174
3130,0.4644876712219293
3131,0.7858272271484719
3132,0.7321505881282202
3133,0.8035971479074862
3134,0.34761981115463925
3135,0.27466245718808857
3136,0.21478119127560147
3137,0.030724598348214966
3138,0.8040250002625552
3139,0.4167237664396894
3140,0.5964925573056434
3141,0.008413435325949199
3142,0.7053378384206955
3143,0.3439418608930384
3144,0.9420234489887438
3145,0.9264695919874817
3146,0.013415749924711758
3147,0.5219463682400529
3148,0.25643318439442353
3149,0.025110177589864845
3150,0.47762826907668515
3151,0.33805524051426417
3152,0.04256781838575604
3153,0.6407209542033402
3154,0.8669931312203153
3155,0.33414967984215604
3156,0.46429654569831813
3157,0.8122701654325322
3158,0.3018935426013125
3159,0.5152458862854981
3160,0.14651710515784055
3161,0.7702632073849869
3162,0.8941051759662361
3163,0.010046388086709622
3164,0.793630222725949
3165,0.22200232341493686
3166,0.9302649320779934
3167,0.531644638748718
3168,0.6120822950060293
3169,0.7606662766589655
3170,0.6617906386479339
3171,0.463942510654734
3172,0.16367988253438095
3173,0.9099413963501178
3174,0.06898087166384283
3175,0.6897122470977072
3176,0.8431602663437467
3177,0.7884077082344109
3178,0.62668212167024
3179,0.7882839230826988
3180,0.9629962523077084
3181,0.5657752602447784
3182,0.011199162936848087
3183,0.9684141441461485
3184,0.5154011396604743
3185,0.7127927010651086
3186,0.3780906509237583
3187,0.03210634921994879
3188,0.4150028975199925
3189,0.049897290686545796
3190,0.9271773091429957
3191,0.27186651681944257
3192,0.7992652206382171
3193,0.5950161824354829
3194,0.21438980859469012
3195,0.411401383470646
3196,0.030041227109925753
3197,0.2423801173006915
3198,0.2527318175173953
3199,0.38031414938238184
3200,0.15876198158117877
3201,0.6045146938117183
3202,0.6630126759269059
3203,0.060162673642285544
3204,0.041548985846095995
3205,0.5250447069023101
3206,0.012518031790408357
3207,0.15491448827149687
3208,0.6689102696045515
3209,0.976599483247107
3210,0.11868985599968848
3211,0.06223730608686015
3212,0.07600847915887601
3213,0.5243804742821595
3214,0.41168425458033375
3215,0.8637147591278271
3216,0.6911052078412482
3217,0.4255752434400517
3218,0.6279095056698303
3219,0.7463533729446155
3220,0.7657094401485163
3221,0.557326453361692
3222,0.043800555800988274
3223,0.5018973202048491
3224,0.4908451837827828
3225,0.4993082953064284
3226,0.4444011056320031
3227,0.013481709230960558
3228,0.6021762693304832
3229,0.6016982394920961
3230,0.7391672107795781
3231,0.03344103451026275
3232,0.7712492745337791
3233,0.3571362468175053
3234,0.0352529308293766
3235,0.40918389637718156
3236,0.18337226866103942
3237,0.7689006394850679
3238,0.5750963273414739
3239,0.8667454061209349
3240,0.4713290748975567
3241,0.044993477341913043
3242,0.08903231539895833
3243,0.3700792435314169
3244,0.3265253770613349
3245,0.31390656587298243
3246,0.865620219695612
3247,0.3597825019541953
3248,0.6363934684852138
3249,0.3122941861333658
3250,0.9149096994658273
3251,0.16709999407172008
3252,0.09391576529747654
3253,0.9164693813552566
3254,0.7912414539898701
3255,0.8858753143197363
3256,0.21116995203038108
3257,0.16061408337145877
3258,0.19788634767001456
3259,0.2013822712114349
3260,0.48200335092207364
3261,0.34910706037356143
3262,0.6814739098199855
3263,0.34360629157334033
3264,0.5648795369123896
3265,0.027840730458317618
3266,0.010595738363828556
3267,0.45692497479573035
3268,0.47492822721857775
3269,0.6851122540258929
3270,0.18001709089549728
3271,0.8306918222449471
3272,0.9463577297773893
3273,0.44997340653891355
3274,0.829903540396721
3275,0.7894943614935858
3276,0.709174396209934
3277,0.8580384442526832
3278,0.8529559960017755
3279,0.7571390041385224
3280,0.031946544992530565
3281,0.3416358022776851
3282,0.39102036323319356
3283,0.7493678937302438
3284,0.21337906587040903
3285,0.5836180743966858
3286,0.18649509210278706
3287,0.4682135333636059
3288,0.809731294836253
3289,0.013842272397810737
3290,0.17052299607918034
3291,0.7846000597410977
3292,0.01147522637226871
3293,0.13840369313434012
3294,0.14061305086016143
3295,0.5849278487775391
3296,0.33123056232419096
3297,0.06926453973176137
3298,0.2955972848541157
3299,0.637411709084882
3300,0.5521142204902221
3301,0.45455530525061144
3302,0.28541791925752474
3303,0.37623667822406637
3304,0.16488050488610126
3305,0.6067092578892936
3306,0.39387632315521665
3307,0.713857023403258
3308,0.4887369648860289
3309,0.05143621625582036
3310,0.010384313575048482
3311,0.8707234619685971
3312,0.5638739924137047
3313,0.013373405995921038
3314,0.046736230175723134
3315,0.31184580874758266
3316,0.038610062594122266
3317,0.7092170018757271
3318,0.05997164329651855
3319,0.03180512126457222
3320,0.5295227291433309
3321,0.7589044530642532
3322,0.3468555872100475
3323,0.009594270758677885
3324,0.8115221018150556
3325,0.9202654436460631
3326,0.40656935411304146
3327,0.012444504657398447
3328,0.6270628046011633
3329,0.697340508028123
3330,0.1704069679269274
3331,0.7070363026817217
3332,0.4125762247140924
3333,0.6642437735863354
3334,0.4062216021519595
3335,0.07348913989827793
3336,0.35659163735712207
3337,0.8433789976783197
3338,0.08372739645594338
3339,0.6224249572270429
3340,0.38430419321005527
3341,0.9095433908335685
3342,0.14836206292767698
3343,0.12274971440453758
3344,0.046032958716905534
3345,0.4150242994328313
3346,0.23032330223460704
3347,0.41084030896091606
3348,0.8611627667970219
3349,0.5203197027313841
3350,0.019906884219466917
3351,0.06538330179921426
3352,0.45087179606865296
3353,0.7828648260458393
3354,0.5479302292614964
3355,0.552841099217519
3356,0.28750449558949764
3357,0.034516304110940546
3358,0.06458867387778368
3359,0.4744942014400438
3360,0.9053648173901736
3361,0.6657396167800039
3362,0.7620828204089783
3363,0.8568617097187751
3364,0.5513929030404109
3365,0.27942666787675763
3366,0.8155661222045546
3367,0.41855440840911584
3368,0.2942420214746882
3369,0.124689091200886
3370,0.014811216192690494
3371,0.3563458254862922
3372,0.03263055756490977
3373,0.7221174852347206
3374,0.20052694046815786
3375,0.24712086063942426
3376,0.5295749145672162
3377,0.828908616182245
3378,0.25846333759223217
3379,0.06001500324578912
3380,0.6915696945789642
3381,0.9086587839804168
3382,0.9050296683397581
3383,0.009768989666456056
3384,0.007845924247932042
3385,0.5553963109484389
3386,0.41898854922378154
3387,0.07223803121253584
3388,0.9244220922892374
3389,0.6331208328817984
3390,0.1555796499036365
3391,0.063255452180874
3392,0.8374872714808044
3393,0.6702735277357473
3394,0.15327102296545997
3395,0.012711817117989818
3396,0.3839831184880016
3397,0.6865882396099939
3398,0.029012465920053417
3399,0.008771336939425651
3400,0.8436506178129168
3401,0.19939808906239506
3402,0.008403001504961694
3403,0.015731547465839945
3404,0.3112682913425926
3405,0.08218559990723695
3406,0.8393207445718287
3407,0.050297742776065885
3408,0.4601189918068018
3409,0.13696694658078357
3410,0.3313104991815264
3411,0.06158280389077231
3412,0.1226748460737292
3413,0.8706632006771626
3414,0.20456355965439832
3415,0.8807808634429976
3416,0.4259427291912692
3417,0.6937054297863554
3418,0.4879399838437844
3419,0.23448417818626174
3420,0.5059506373437764
3421,0.021101837729515783
3422,0.2097642024112196
3423,0.6765256325470097
3424,0.7905390130106071
3425,0.6060741492177351
3426,0.9168479479353948
3427,0.3885935460611992
3428,0.8019894306964138
3429,0.5401684334247997
3430,0.9183746431502938
3431,0.2651500165618551
3432,0.2295081529805665
3433,0.299411957908769
3434,0.09120238740733051
3435,0.7927844671976005
3436,0.34876183730074356
3437,0.23559495006442427
3438,0.0460112797741643
3439,0.32560350599116883
3440,0.576685092826034
3441,0.10279467004117236
3442,0.21015403809336766
3443,0.8022003457900742
3444,0.9062104865632052
3445,0.11713081620850507
3446,0.6386411328391184
3447,0.055913347779269075
3448,0.33888786673370913
3449,0.10706781894353912
3450,0.6841223653551152
3451,0.2195173067446355
3452,0.7505084313721005
3453,0.7036848205670485
3454,0.9334486917478282
3455,0.5572829276880894
3456,0.033460309375100944
3457,0.5971148451661308
3458,0.019079581590141958
3459,0.2411714611221844
3460,0.5955987589927768
3461,0.2205784779122875
3462,0.9069951641078792
3463,0.7835549966022537
3464,0.008756751715874714
3465,0.24334904267035437
3466,0.11318252932464468
3467,0.5914764518908546
3468,0.8546937776645552
3469,0.7803105278857839
3470,0.1476232249576579
3471,0.3508838430871149
3472,0.09465647464160658
3473,0.5126590652556765
3474,0.5620102339359662
3475,0.16990188193647912
3476,0.431493543523751
3477,0.4879728128131365
3478,0.5703336055260912
3479,0.02646052356963202
3480,0.06860530351863214
3481,0.7244675164804635
3482,0.49778420777702537
3483,0.1790016228563551
3484,0.05548099296657587
3485,0.2988061482719078
3486,0.03794961062191914
3487,0.2620242767236979
3488,0.6462528483224372
3489,0.4874827651721224
3490,0.28268045779299006
3491,0.9330643586974442
3492,0.6490304420159096
3493,0.3188271824582395
3494,0.07087617879583209
3495,0.9043071418919508
3496,0.586007837606355
3497,0.8913736935566301
3498,0.06142155932156249
3499,0.7446545375625276
3500,0.20102315346074293
3501,0.6251078967859869
3502,0.164087442386773
3503,0.6299528717985072
3504,0.4943400461367232
3505,0.7285887803598233
3506,0.08440220434670419
3507,0.5682040538957298
3508,0.38025647685381014
3509,0.7383748854909035
3510,0.542181359825102
3511,0.8023055516837675
3512,0.8618147193588083
3513,0.9011505708719748
3514,0.864050365077706
3515,0.5674042737153365
3516,0.71711199743546
3517,0.7627795392367399
3518,0.008476235852527771
3519,0.48034248330737794
3520,0.5226714503500038
3521,0.056225405875963926
3522,0.19348880089987483
3523,0.8184255208306153
3524,0.19352734371416036
3525,0.4462253772838161
3526,0.7156174115751576
3527,0.22945184786153833
3528,0.5183080374867894
3529,0.5147028128161395
3530,0.2848861991938219
3531,0.10735689595022144
3532,0.026553711104349363
3533,0.6333045339569467
3534,0.9467440567103436
3535,0.5722197622744676
3536,0.04334276535970314
3537,0.05562255971937516
3538,0.9259756685354863
3539,0.025200509027537645
3540,0.43971687314134117
3541,0.3290943065899818
3542,0.24575492601030596
3543,0.8332537312047688
3544,0.4791292013913745
3545,0.21890617744064342
3546,0.4676762164733392
3547,0.08092941024097891
3548,0.7244278976731647
3549,0.13134286584863694
3550,0.33064280637564
3551,0.8096071041977349
3552,0.765393680059158
3553,0.1707349994581555
3554,0.009392250533585968
3555,0.4676020759940415
3556,0.9117297275873105
3557,0.4117992272612952
3558,0.19076086370403564
3559,0.02108189890791568
3560,0.6461758084005021
3561,0.010096961230785682
3562,0.8273330097787102
3563,0.8597807973778044
3564,0.3024565388629449
3565,0.7182015575513117
3566,0.6057328714840269
3567,0.506992689068485
3568,0.7155384034745446
3569,0.12814772177550976
3570,0.06987312786048928
3571,0.16078622265355502
3572,0.4539996966630194
3573,0.10330382648800521
3574,0.2363479233388373
3575,0.813727251979067
3576,0.4663413192969824
3577,0.7537931326377134
3578,0.6686400790228235
3579,0.7156924733346665
3580,0.00919614773402174
3581,0.0762272243984103
3582,0.06323504971834831
3583,0.9074412444371491
3584,0.7027250869049917
3585,0.043137894906997876
3586,0.4828935901790876
3587,0.3598852741282844
3588,0.28498572889719076
3589,0.01332192330606117
3590,0.8391566562314466
3591,0.24440276069908298
3592,0.9613479676074678
3593,0.805992446831752
3594,0.054782516212150745
3595,0.5088022134128741
3596,0.5060605562997298
3597,0.16396495182254583
3598,0.13209064212249116
3599,0.8724196123640915
3600,0.25825652139576155
3601,0.011776825620194512
3602,0.10887594240550073
3603,0.3496256845235102
3604,0.3190914505714978
3605,0.6857164280105094
3606,0.38988430721908013
3607,0.20607581565994817
3608,0.23890480685422819
3609,0.03280066240646186
3610,0.7253741778871247
3611,0.3737738502017189
3612,0.08472524565391892
3613,0.8186751804031414
3614,0.4235414221071272
3615,0.6278100981919684
3616,0.6456381345211922
3617,0.8423751444592029
3618,0.5018961725860782
3619,0.8846780992232167
3620,0.06831277323445285
3621,0.043822817821008525
3622,0.0235873010581135
3623,0.07923132103976857
3624,0.8764180409994055
3625,0.2979108097730852
3626,0.37110987630509606
3627,0.3611405144912712
3628,0.8585484001690314
3629,0.734451637495012
3630,0.4532349839063808
3631,0.07686560047617583
3632,0.0758030882923604
3633,0.009957052501995984
3634,0.4034515613581813
3635,0.49947699480376734
3636,0.5084853045621888
3637,0.07295826762554451
3638,0.37757817514904946
3639,0.9017023874852855
3640,0.010123653152916799
3641,0.1412605398219577
3642,0.1494701390945046
3643,0.7327831037523428
3644,0.24186721726492616
3645,0.48522937084942835
3646,0.4605276506599051
3647,0.3473264451091358
3648,0.1940015990994886
3649,0.023909328396234115
3650,0.06582253111134424
3651,0.012150624174731112
3652,0.6568276065129898
3653,0.6323276604754643
3654,0.02243342605169569
3655,0.6504012288508946
3656,0.17942404763507255
3657,0.7989544501116664
3658,0.7242649397072263
3659,0.028970733762292318
3660,0.06522678402431434
3661,0.030905977782673164
3662,0.029828300569208797
3663,0.7797433367111211
3664,0.956134079183403
3665,0.09391348056421885
3666,0.6299145454006682
3667,0.40908264654128773
3668,0.8064289524962226
3669,0.024688757724514187
3670,0.03614275336364158
3671,0.9621999302379592
3672,0.009944093555481964
3673,0.8673647511175798
3674,0.012616454708714206
3675,0.7721397172628283
3676,0.18578949259571828
3677,0.26048474122233184
3678,0.7960444922032481
3679,0.5314767574394199
3680,0.9369348568576213
3681,0.19121879784886275
3682,0.5839013958115632
3683,0.16484802668253376
3684,0.1169555561444949
3685,0.446283540327794
3686,0.8072427233764344
3687,0.03126595759403425
3688,0.012355276989002439
3689,0.015384384724231885
3690,0.6855836750824389
3691,0.04406890113988665
3692,0.6570545218235894
3693,0.5333948004788124
3694,0.9132349217190187
3695,0.29530641753186904
3696,0.9394308963746262
3697,0.009635269944715294
3698,0.23194270615530857
3699,0.30063372108313513
3700,0.37534556808975705
3701,0.07312979460529521
3702,0.06971282528701983
3703,0.45096899628975773
3704,0.020554751348293543
3705,0.08397116673709563
3706,0.6844000193724401
3707,0.2858173651839252
3708,0.44984915063165337
3709,0.4273943737301903
3710,0.8313801909718206
3711,0.10880244228081527
3712,0.3572531928897073
3713,0.688807814596851
3714,0.8843897344544946
3715,0.07209005197970837
3716,0.3689873787546138
3717,0.8887702428391984
3718,0.5866853667078192
3719,0.759290911985258
3720,0.030880522752475666
3721,0.19967353278031397
3722,0.9153641764898407
3723,0.18849068068015812
3724,0.8529533425459741
3725,0.6113366087859209
3726,0.18884441071117616
3727,0.5285589220566681
3728,0.8928092668516034
3729,0.8198971691125396
3730,0.30357740499579805
3731,0.18784861266079936
3732,0.26982487847836556
3733,0.8321312770399799
3734,0.8598597324764323
3735,0.2074406740592377
3736,0.8503488177173424
3737,0.6758223503459668
3738,0.2417809025910494
3739,0.27514040687011965
3740,0.5649794718853656
3741,0.6220275488461221
3742,0.022395206236406204
3743,0.8152456772222748
3744,0.7896158820000404
3745,0.9700687910105833
3746,0.28769096700781577
3747,0.8195196918984431
3748,0.4585115598127225
3749,0.917578837905297
3750,0.11227321415643841
3751,0.3250087313389286
3752,0.5204168628071509
3753,0.3761197756023007
3754,0.9455559190552816
3755,0.2722019828323962
3756,0.6173298566283577
3757,0.07731836534113758
3758,0.40532358397456586
3759,0.5340394074908192
3760,0.9454883319120853
3761,0.7673202782183837
3762,0.581659190490306
3763,0.6981184644531332
3764,0.1617466284191061
3765,0.40604486530975076
3766,0.7441386403176088
3767,0.017168502723434252
3768,0.5699667762195536
3769,0.5175538958192831
3770,0.19661214894789908
3771,0.027529293161319728
3772,0.027030511151797033
3773,0.5677707057486033
3774,0.5044936811558502
3775,0.013331576650583066
3776,0.6648254102466412
3777,0.022016585463356535
3778,0.29725155759551275
3779,0.40083885781467377
3780,0.8250351062630448
3781,0.9769116197849262
3782,0.2420815617732435
3783,0.0518979057511144
3784,0.14039192333216483
3785,0.0861507126507316
3786,0.9035989399227228
3787,0.21686793759490874
3788,0.01724077356415156
3789,0.04221372279673874
3790,0.5016535510701944
3791,0.8370287751921649
3792,0.029828893786787995
3793,0.4549521692338482
3794,0.040628074687974844
3795,0.6055094989681133
3796,0.21726365701742614
3797,0.7550737806520386
3798,0.14928074220129983
3799,0.5574894324157716
3800,0.23988560666165726
3801,0.45502341784763867
3802,0.11363979999378
3803,0.6951049049740314
3804,0.9224454238488499
3805,0.012333268200113913
3806,0.16417902831784364
3807,0.8083030068007485
3808,0.20983522938691546
3809,0.05153155403565538
3810,0.8004947790235208
3811,0.7800587144714759
3812,0.21074733553111638
3813,0.36640339881242606
3814,0.631550785488586
3815,0.5929169860351702
3816,0.8534647095819943
3817,0.7111911765504577
3818,0.7915178530131696
3819,0.024782508071212364
3820,0.7405242544727633
3821,0.9283323257234505
3822,0.014390352562333699
3823,0.23310492927939178
3824,0.2825018127867124
3825,0.5858745672990884
3826,0.7673326592471356
3827,0.8394304225335613
3828,0.9081693250397206
3829,0.8727483144271971
3830,0.017529265750337118
3831,0.8073412369341029
3832,0.13526010472538938
3833,0.8083728509622873
3834,0.6987500092682747
3835,0.43598250344375405
3836,0.5841102949037457
3837,0.2554801448430162
3838,0.05153014779202671
3839,0.10862801717918064
3840,0.2563852590262015
3841,0.8144805409075221
3842,0.3035057894613551
3843,0.34913191132246035
3844,0.23557324063840535
3845,0.43263938373011923
3846,0.8210656115883092
3847,0.05417233474160369
3848,0.7061065696848728
3849,0.21323952314517963
3850,0.41020739609936036
3851,0.5409266311771298
3852,0.10542218004407482
3853,0.6333796392658538
3854,0.9000728915877595
3855,0.04490593935370564
3856,0.6011885272621084
3857,0.011829901685670816
3858,0.19224997482174228
3859,0.10878925567608096
3860,0.5699910224951014
3861,0.024202563956743715
3862,0.08335262384867573
3863,0.41540444080363065
3864,0.23880382140662057
3865,0.39417642152138743
3866,0.3499168152546335
3867,0.1382343812206226
3868,0.5563400904007846
3869,0.7739518896768642
3870,0.1121091018910665
3871,0.40643546979716055
3872,0.02429330920156972
3873,0.328574482740127
3874,0.8660777832816063
3875,0.03399331432848569
3876,0.7361877582548606
3877,0.06428711557927945
3878,0.6031798105170973
3879,0.7848959645108265
3880,0.3546645500044028
3881,0.22937452101862907
3882,0.41434822097038976
3883,0.04184712889850819
3884,0.3923961465680771
3885,0.8909256093946432
3886,0.5272886514782793
3887,0.693798526279837
3888,0.905384123249123
3889,0.6225378200024788
3890,0.520311792489758
3891,0.6084327732554013
3892,0.01223155842050309
3893,0.8199179511965189
3894,0.7028105947626344
3895,0.1777397545229283
3896,0.010086233848077919
3897,0.5137923680842532
3898,0.45662533612694434
3899,0.05296725390286533
3900,0.03836070397552418
3901,0.68865335170424
3902,0.4646803907927491
3903,0.6499968487163238
3904,0.26247835895796356
3905,0.7005089956680212
3906,0.9361146038862022
3907,0.9592578626749098
3908,0.012605579428388927
3909,0.26393674140310414
3910,0.6341914329386288
3911,0.7206629918782224
3912,0.2024393999350373
3913,0.38020592328323227
3914,0.0545338316704761
3915,0.19345826929140442
3916,0.5545898166694929
3917,0.04769589662446911
3918,0.8202966161603795
3919,0.07333946128965836
3920,0.13345978248041265
3921,0.8056792534213748
3922,0.43986098276582086
3923,0.6164773202167905
3924,0.8735124421512503
3925,0.6815086861162586
3926,0.6311786386987276
3927,0.8886837892522703
3928,0.010924055125773782
3929,0.07770521980669365
3930,0.5336062305664291
3931,0.1592368962910198
3932,0.5244132369513
3933,0.37250219382892125
3934,0.902463132992844
3935,0.32556911492157653
3936,0.8600498447703216
3937,0.7394577221442968
3938,0.9321319441749824
3939,0.5537407454910889
3940,0.8610041961767484
3941,0.06546347589633637
3942,0.32478926683901715
3943,0.6621653510124514
3944,0.03942991890683922
3945,0.5621248627680087
3946,0.5296349719735691
3947,0.2190839795691062
3948,0.7770294732716567
3949,0.8170823928020023
3950,0.8226493052073747
3951,0.11634759830469243
3952,0.02042062513409685
3953,0.04108109013342978
3954,0.14528973076745216
3955,0.7777986710637922
3956,0.8093056332760629
3957,0.4338718730222512
3958,0.29772891250532973
3959,0.06963970320716852
3960,0.12707024673733097
3961,0.6389718183210561
3962,0.6475474016396605
3963,0.310288391752937
3964,0.48097438223620453
3965,0.6567487481265881
3966,0.6140803702937442
3967,0.8178733757763317
3968,0.8672485858867459
3969,0.6938091352783791
3970,0.7387058317859586
3971,0.06598372945588933
3972,0.2654150608637983
3973,0.03646737100784164
3974,0.643804099934256
3975,0.7810384208921041
3976,0.18574514379148013
3977,0.7458515687049402
3978,0.11665795062238887
3979,0.8247510957543865
3980,0.1058586084837259
3981,0.5152332952800303
3982,0.8694045113778652
3983,0.3411254141166969
3984,0.5843829621452871
3985,0.5239564824982531
3986,0.9086740301144547
3987,0.5491088955421563
3988,0.4829549379897738
3989,0.6545728915826008
3990,0.07344884102662909
3991,0.8949899688053555
3992,0.8989473108135787
3993,0.2363361384947537
3994,0.6968611997234375
3995,0.9709955758308502
3996,0.527829627601355
3997,0.7046552416283083
3998,0.7939977038438544
3999,0.917562117512342
4000,0.3308070047589211
4001,0.12356227189040915
4002,0.6321244350709558
4003,0.23919598039485968
4004,0.07435960305628811
4005,0.9633427784942721
4006,0.7311175851036315
4007,0.14070416584737896
4008,0.5700803317463706
4009,0.8188163664755503
4010,0.43248584237833404
4011,0.035669820089581736
4012,0.9314946908223293
4013,0.08457255642457984
4014,0.5177515959182374
4015,0.3354319776920096
4016,0.22279915392886818
4017,0.47847226425820877
4018,0.11877903191535127
4019,0.08340621389122081
4020,0.10011251121079563
4021,0.7475512466686712
4022,0.45125117102425233
4023,0.866195475022207
4024,0.35543521587465654
4025,0.07999601612415207
4026,0.06884336357921907
4027,0.765936472103171
4028,0.01799902807400302
4029,0.5840013855879234
4030,0.319615299591716
4031,0.24861440776098342
4032,0.031407222354053056
4033,0.6474793474104534
4034,0.8047788254678171
4035,0.031846798662851665
4036,0.3516647467552368
4037,0.8769957407175746
4038,0.18174768595322058
4039,0.29768643893226265
4040,0.4442551122613449
4041,0.5027128633002247
4042,0.10119076059678082
4043,0.6465743910729022
4044,0.017651287325961516
4045,0.25928492938769954
4046,0.2741875313315847
4047,0.7618001251538388
4048,0.46613087116452656
4049,0.28777808362714336
4050,0.5835832166607146
4051,0.8515915035210534
4052,0.008176243831787793
4053,0.765424874049185
4054,0.19633504172765417
4055,0.8253337065017619
4056,0.6224244475598206
4057,0.28012498172323186
4058,0.7179781279046306
4059,0.010441294642095793
4060,0.008977372370259697
4061,0.3451131091735742
4062,0.3336568940239382
4063,0.03446756262242687
4064,0.008885611066714347
4065,0.8747749355804341
4066,0.19870905118673055
4067,0.0830170282546866
4068,0.09491902510568118
4069,0.10655239718869602
4070,0.4564676463249332
4071,0.06345923959441337
4072,0.3551245759310019
4073,0.5548634244849424
4074,0.06869952643828497
4075,0.16642057818342404
4076,0.8364894565271058
4077,0.8861667715977024
4078,0.45713220465940996
4079,0.2506048678684785
4080,0.08740504626154857
4081,0.9728063528208549
4082,0.8856100547530458
4083,0.8157271829526204
4084,0.7713667513144199
4085,0.7312278922800965
4086,0.008546463617089254
4087,0.9156775048967508
4088,0.35273990510199166
4089,0.532371718778539
4090,0.2712793902826355
4091,0.23725582312817897
4092,0.8419495418061137
4093,0.7921644026434875
4094,0.6438959482369202
4095,0.7980531050590085
4096,0.8210835827420865
4097,0.8872437839939913
4098,0.15673258336832344
4099,0.11718223954738191
4100,0.05446259295535435
4101,0.031041917443606907
4102,0.44480459098334624
4103,0.5838529078396011
4104,0.07049574251233684
4105,0.3098200990959015
4106,0.7207407804456345
4107,0.328163687898412
4108,0.07025057671109824
4109,0.7528534437655845
4110,0.5445699055026343
4111,0.12308616947274209
4112,0.6996880509654037
4113,0.8509989630102085
4114,0.5518297366054182
4115,0.10693298764816504
4116,0.33457154029130076
4117,0.31906990218545633
4118,0.755502783990818
4119,0.6497928539981647
4120,0.8816006394609586
4121,0.36739521388779944
4122,0.8005411175462248
